timestamp,date,time,in_transit_node0,real_station_total,fleet_total,fleet_error
2017-07-01 00:00:00,2017-07-01,00:00,102,5208,5310,0
2017-07-01 00:10:00,2017-07-01,00:10,84,5226,5310,0
2017-07-01 00:20:00,2017-07-01,00:20,77,5233,5310,0
2017-07-01 00:30:00,2017-07-01,00:30,71,5239,5310,0
2017-07-01 00:40:00,2017-07-01,00:40,60,5250,5310,0
2017-07-01 00:50:00,2017-07-01,00:50,59,5251,5310,0
2017-07-01 01:00:00,2017-07-01,01:00,44,5266,5310,0
2017-07-01 01:10:00,2017-07-01,01:10,38,5272,5310,0
2017-07-01 01:20:00,2017-07-01,01:20,43,5267,5310,0
2017-07-01 01:30:00,2017-07-01,01:30,43,5267,5310,0
2017-07-01 01:40:00,2017-07-01,01:40,54,5256,5310,0
2017-07-01 01:50:00,2017-07-01,01:50,55,5255,5310,0
2017-07-01 02:00:00,2017-07-01,02:00,45,5265,5310,0
2017-07-01 02:10:00,2017-07-01,02:10,60,5250,5310,0
2017-07-01 02:20:00,2017-07-01,02:20,45,5265,5310,0
2017-07-01 02:30:00,2017-07-01,02:30,39,5271,5310,0
2017-07-01 02:40:00,2017-07-01,02:40,42,5268,5310,0
2017-07-01 02:50:00,2017-07-01,02:50,33,5277,5310,0
2017-07-01 03:00:00,2017-07-01,03:00,29,5281,5310,0
2017-07-01 03:10:00,2017-07-01,03:10,34,5276,5310,0
2017-07-01 03:20:00,2017-07-01,03:20,35,5275,5310,0
2017-07-01 03:30:00,2017-07-01,03:30,32,5278,5310,0
2017-07-01 03:40:00,2017-07-01,03:40,23,5287,5310,0
2017-07-01 03:50:00,2017-07-01,03:50,28,5282,5310,0
2017-07-01 04:00:00,2017-07-01,04:00,22,5288,5310,0
2017-07-01 04:10:00,2017-07-01,04:10,22,5288,5310,0
2017-07-01 04:20:00,2017-07-01,04:20,22,5288,5310,0
2017-07-01 04:30:00,2017-07-01,04:30,25,5285,5310,0
2017-07-01 04:40:00,2017-07-01,04:40,19,5291,5310,0
2017-07-01 04:50:00,2017-07-01,04:50,18,5292,5310,0
2017-07-01 05:00:00,2017-07-01,05:00,18,5292,5310,0
2017-07-01 05:10:00,2017-07-01,05:10,20,5290,5310,0
2017-07-01 05:20:00,2017-07-01,05:20,26,5284,5310,0
2017-07-01 05:30:00,2017-07-01,05:30,27,5283,5310,0
2017-07-01 05:40:00,2017-07-01,05:40,29,5281,5310,0
2017-07-01 05:50:00,2017-07-01,05:50,39,5271,5310,0
2017-07-01 06:00:00,2017-07-01,06:00,37,5273,5310,0
2017-07-01 06:10:00,2017-07-01,06:10,42,5268,5310,0
2017-07-01 06:20:00,2017-07-01,06:20,39,5271,5310,0
2017-07-01 06:30:00,2017-07-01,06:30,38,5272,5310,0
2017-07-01 06:40:00,2017-07-01,06:40,57,5253,5310,0
2017-07-01 06:50:00,2017-07-01,06:50,56,5254,5310,0
2017-07-01 07:00:00,2017-07-01,07:00,58,5252,5310,0
2017-07-01 07:10:00,2017-07-01,07:10,56,5254,5310,0
2017-07-01 07:20:00,2017-07-01,07:20,54,5256,5310,0
2017-07-01 07:30:00,2017-07-01,07:30,55,5255,5310,0
2017-07-01 07:40:00,2017-07-01,07:40,57,5253,5310,0
2017-07-01 07:50:00,2017-07-01,07:50,82,5228,5310,0
2017-07-01 08:00:00,2017-07-01,08:00,82,5228,5310,0
2017-07-01 08:10:00,2017-07-01,08:10,97,5213,5310,0
2017-07-01 08:20:00,2017-07-01,08:20,111,5199,5310,0
2017-07-01 08:30:00,2017-07-01,08:30,115,5195,5310,0
2017-07-01 08:40:00,2017-07-01,08:40,157,5153,5310,0
2017-07-01 08:50:00,2017-07-01,08:50,147,5163,5310,0
2017-07-01 09:00:00,2017-07-01,09:00,158,5152,5310,0
2017-07-01 09:10:00,2017-07-01,09:10,182,5128,5310,0
2017-07-01 09:20:00,2017-07-01,09:20,209,5101,5310,0
2017-07-01 09:30:00,2017-07-01,09:30,252,5058,5310,0
2017-07-01 09:40:00,2017-07-01,09:40,256,5054,5310,0
2017-07-01 09:50:00,2017-07-01,09:50,255,5055,5310,0
2017-07-01 10:00:00,2017-07-01,10:00,277,5033,5310,0
2017-07-01 10:10:00,2017-07-01,10:10,316,4994,5310,0
2017-07-01 10:20:00,2017-07-01,10:20,331,4979,5310,0
2017-07-01 10:30:00,2017-07-01,10:30,345,4965,5310,0
2017-07-01 10:40:00,2017-07-01,10:40,359,4951,5310,0
2017-07-01 10:50:00,2017-07-01,10:50,403,4907,5310,0
2017-07-01 11:00:00,2017-07-01,11:00,477,4833,5310,0
2017-07-01 11:10:00,2017-07-01,11:10,514,4796,5310,0
2017-07-01 11:20:00,2017-07-01,11:20,486,4824,5310,0
2017-07-01 11:30:00,2017-07-01,11:30,504,4806,5310,0
2017-07-01 11:40:00,2017-07-01,11:40,524,4786,5310,0
2017-07-01 11:50:00,2017-07-01,11:50,557,4753,5310,0
2017-07-01 12:00:00,2017-07-01,12:00,555,4755,5310,0
2017-07-01 12:10:00,2017-07-01,12:10,567,4743,5310,0
2017-07-01 12:20:00,2017-07-01,12:20,647,4663,5310,0
2017-07-01 12:30:00,2017-07-01,12:30,643,4667,5310,0
2017-07-01 12:40:00,2017-07-01,12:40,632,4678,5310,0
2017-07-01 12:50:00,2017-07-01,12:50,692,4618,5310,0
2017-07-01 13:00:00,2017-07-01,13:00,720,4590,5310,0
2017-07-01 13:10:00,2017-07-01,13:10,733,4577,5310,0
2017-07-01 13:20:00,2017-07-01,13:20,744,4566,5310,0
2017-07-01 13:30:00,2017-07-01,13:30,785,4525,5310,0
2017-07-01 13:40:00,2017-07-01,13:40,817,4493,5310,0
2017-07-01 13:50:00,2017-07-01,13:50,795,4515,5310,0
2017-07-01 14:00:00,2017-07-01,14:00,820,4490,5310,0
2017-07-01 14:10:00,2017-07-01,14:10,799,4511,5310,0
2017-07-01 14:20:00,2017-07-01,14:20,763,4547,5310,0
2017-07-01 14:30:00,2017-07-01,14:30,745,4565,5310,0
2017-07-01 14:40:00,2017-07-01,14:40,806,4504,5310,0
2017-07-01 14:50:00,2017-07-01,14:50,830,4480,5310,0
2017-07-01 15:00:00,2017-07-01,15:00,868,4442,5310,0
2017-07-01 15:10:00,2017-07-01,15:10,797,4513,5310,0
2017-07-01 15:20:00,2017-07-01,15:20,758,4552,5310,0
2017-07-01 15:30:00,2017-07-01,15:30,750,4560,5310,0
2017-07-01 15:40:00,2017-07-01,15:40,744,4566,5310,0
2017-07-01 15:50:00,2017-07-01,15:50,683,4627,5310,0
2017-07-01 16:00:00,2017-07-01,16:00,687,4623,5310,0
2017-07-01 16:10:00,2017-07-01,16:10,739,4571,5310,0
2017-07-01 16:20:00,2017-07-01,16:20,723,4587,5310,0
2017-07-01 16:30:00,2017-07-01,16:30,739,4571,5310,0
2017-07-01 16:40:00,2017-07-01,16:40,731,4579,5310,0
2017-07-01 16:50:00,2017-07-01,16:50,725,4585,5310,0
2017-07-01 17:00:00,2017-07-01,17:00,701,4609,5310,0
2017-07-01 17:10:00,2017-07-01,17:10,667,4643,5310,0
2017-07-01 17:20:00,2017-07-01,17:20,663,4647,5310,0
2017-07-01 17:30:00,2017-07-01,17:30,640,4670,5310,0
2017-07-01 17:40:00,2017-07-01,17:40,621,4689,5310,0
2017-07-01 17:50:00,2017-07-01,17:50,613,4697,5310,0
2017-07-01 18:00:00,2017-07-01,18:00,639,4671,5310,0
2017-07-01 18:10:00,2017-07-01,18:10,593,4717,5310,0
2017-07-01 18:20:00,2017-07-01,18:20,578,4732,5310,0
2017-07-01 18:30:00,2017-07-01,18:30,550,4760,5310,0
2017-07-01 18:40:00,2017-07-01,18:40,519,4791,5310,0
2017-07-01 18:50:00,2017-07-01,18:50,498,4812,5310,0
2017-07-01 19:00:00,2017-07-01,19:00,522,4788,5310,0
2017-07-01 19:10:00,2017-07-01,19:10,477,4833,5310,0
2017-07-01 19:20:00,2017-07-01,19:20,466,4844,5310,0
2017-07-01 19:30:00,2017-07-01,19:30,419,4891,5310,0
2017-07-01 19:40:00,2017-07-01,19:40,386,4924,5310,0
2017-07-01 19:50:00,2017-07-01,19:50,379,4931,5310,0
2017-07-01 20:00:00,2017-07-01,20:00,349,4961,5310,0
2017-07-01 20:10:00,2017-07-01,20:10,357,4953,5310,0
2017-07-01 20:20:00,2017-07-01,20:20,354,4956,5310,0
2017-07-01 20:30:00,2017-07-01,20:30,343,4967,5310,0
2017-07-01 20:40:00,2017-07-01,20:40,335,4975,5310,0
2017-07-01 20:50:00,2017-07-01,20:50,308,5002,5310,0
2017-07-01 21:00:00,2017-07-01,21:00,278,5032,5310,0
2017-07-01 21:10:00,2017-07-01,21:10,263,5047,5310,0
2017-07-01 21:20:00,2017-07-01,21:20,255,5055,5310,0
2017-07-01 21:30:00,2017-07-01,21:30,244,5066,5310,0
2017-07-01 21:40:00,2017-07-01,21:40,228,5082,5310,0
2017-07-01 21:50:00,2017-07-01,21:50,192,5118,5310,0
2017-07-01 22:00:00,2017-07-01,22:00,194,5116,5310,0
2017-07-01 22:10:00,2017-07-01,22:10,188,5122,5310,0
2017-07-01 22:20:00,2017-07-01,22:20,187,5123,5310,0
2017-07-01 22:30:00,2017-07-01,22:30,152,5158,5310,0
2017-07-01 22:40:00,2017-07-01,22:40,194,5116,5310,0
2017-07-01 22:50:00,2017-07-01,22:50,192,5118,5310,0
2017-07-01 23:00:00,2017-07-01,23:00,190,5120,5310,0
2017-07-01 23:10:00,2017-07-01,23:10,211,5099,5310,0
2017-07-01 23:20:00,2017-07-01,23:20,219,5091,5310,0
2017-07-01 23:30:00,2017-07-01,23:30,212,5098,5310,0
2017-07-01 23:40:00,2017-07-01,23:40,241,5069,5310,0
2017-07-01 23:50:00,2017-07-01,23:50,177,5133,5310,0
2017-07-02 00:00:00,2017-07-02,00:00,175,5135,5310,0
2017-07-02 00:10:00,2017-07-02,00:10,160,5150,5310,0
2017-07-02 00:20:00,2017-07-02,00:20,139,5171,5310,0
2017-07-02 00:30:00,2017-07-02,00:30,145,5165,5310,0
2017-07-02 00:40:00,2017-07-02,00:40,111,5199,5310,0
2017-07-02 00:50:00,2017-07-02,00:50,99,5211,5310,0
2017-07-02 01:00:00,2017-07-02,01:00,96,5214,5310,0
2017-07-02 01:10:00,2017-07-02,01:10,92,5218,5310,0
2017-07-02 01:20:00,2017-07-02,01:20,92,5218,5310,0
2017-07-02 01:30:00,2017-07-02,01:30,92,5218,5310,0
2017-07-02 01:40:00,2017-07-02,01:40,85,5225,5310,0
2017-07-02 01:50:00,2017-07-02,01:50,77,5233,5310,0
2017-07-02 02:00:00,2017-07-02,02:00,73,5237,5310,0
2017-07-02 02:10:00,2017-07-02,02:10,62,5248,5310,0
2017-07-02 02:20:00,2017-07-02,02:20,64,5246,5310,0
2017-07-02 02:30:00,2017-07-02,02:30,59,5251,5310,0
2017-07-02 02:40:00,2017-07-02,02:40,67,5243,5310,0
2017-07-02 02:50:00,2017-07-02,02:50,57,5253,5310,0
2017-07-02 03:00:00,2017-07-02,03:00,56,5254,5310,0
2017-07-02 03:10:00,2017-07-02,03:10,51,5259,5310,0
2017-07-02 03:20:00,2017-07-02,03:20,43,5267,5310,0
2017-07-02 03:30:00,2017-07-02,03:30,42,5268,5310,0
2017-07-02 03:40:00,2017-07-02,03:40,32,5278,5310,0
2017-07-02 03:50:00,2017-07-02,03:50,33,5277,5310,0
2017-07-02 04:00:00,2017-07-02,04:00,33,5277,5310,0
2017-07-02 04:10:00,2017-07-02,04:10,34,5276,5310,0
2017-07-02 04:20:00,2017-07-02,04:20,34,5276,5310,0
2017-07-02 04:30:00,2017-07-02,04:30,31,5279,5310,0
2017-07-02 04:40:00,2017-07-02,04:40,33,5277,5310,0
2017-07-02 04:50:00,2017-07-02,04:50,33,5277,5310,0
2017-07-02 05:00:00,2017-07-02,05:00,38,5272,5310,0
2017-07-02 05:10:00,2017-07-02,05:10,33,5277,5310,0
2017-07-02 05:20:00,2017-07-02,05:20,38,5272,5310,0
2017-07-02 05:30:00,2017-07-02,05:30,36,5274,5310,0
2017-07-02 05:40:00,2017-07-02,05:40,36,5274,5310,0
2017-07-02 05:50:00,2017-07-02,05:50,32,5278,5310,0
2017-07-02 06:00:00,2017-07-02,06:00,30,5280,5310,0
2017-07-02 06:10:00,2017-07-02,06:10,29,5281,5310,0
2017-07-02 06:20:00,2017-07-02,06:20,32,5278,5310,0
2017-07-02 06:30:00,2017-07-02,06:30,37,5273,5310,0
2017-07-02 06:40:00,2017-07-02,06:40,40,5270,5310,0
2017-07-02 06:50:00,2017-07-02,06:50,36,5274,5310,0
2017-07-02 07:00:00,2017-07-02,07:00,42,5268,5310,0
2017-07-02 07:10:00,2017-07-02,07:10,42,5268,5310,0
2017-07-02 07:20:00,2017-07-02,07:20,54,5256,5310,0
2017-07-02 07:30:00,2017-07-02,07:30,56,5254,5310,0
2017-07-02 07:40:00,2017-07-02,07:40,65,5245,5310,0
2017-07-02 07:50:00,2017-07-02,07:50,68,5242,5310,0
2017-07-02 08:00:00,2017-07-02,08:00,64,5246,5310,0
2017-07-02 08:10:00,2017-07-02,08:10,71,5239,5310,0
2017-07-02 08:20:00,2017-07-02,08:20,83,5227,5310,0
2017-07-02 08:30:00,2017-07-02,08:30,96,5214,5310,0
2017-07-02 08:40:00,2017-07-02,08:40,128,5182,5310,0
2017-07-02 08:50:00,2017-07-02,08:50,162,5148,5310,0
2017-07-02 09:00:00,2017-07-02,09:00,164,5146,5310,0
2017-07-02 09:10:00,2017-07-02,09:10,180,5130,5310,0
2017-07-02 09:20:00,2017-07-02,09:20,219,5091,5310,0
2017-07-02 09:30:00,2017-07-02,09:30,246,5064,5310,0
2017-07-02 09:40:00,2017-07-02,09:40,298,5012,5310,0
2017-07-02 09:50:00,2017-07-02,09:50,307,5003,5310,0
2017-07-02 10:00:00,2017-07-02,10:00,335,4975,5310,0
2017-07-02 10:10:00,2017-07-02,10:10,369,4941,5310,0
2017-07-02 10:20:00,2017-07-02,10:20,339,4971,5310,0
2017-07-02 10:30:00,2017-07-02,10:30,368,4942,5310,0
2017-07-02 10:40:00,2017-07-02,10:40,371,4939,5310,0
2017-07-02 10:50:00,2017-07-02,10:50,370,4940,5310,0
2017-07-02 11:00:00,2017-07-02,11:00,400,4910,5310,0
2017-07-02 11:10:00,2017-07-02,11:10,493,4817,5310,0
2017-07-02 11:20:00,2017-07-02,11:20,523,4787,5310,0
2017-07-02 11:30:00,2017-07-02,11:30,577,4733,5310,0
2017-07-02 11:40:00,2017-07-02,11:40,623,4687,5310,0
2017-07-02 11:50:00,2017-07-02,11:50,629,4681,5310,0
2017-07-02 12:00:00,2017-07-02,12:00,598,4712,5310,0
2017-07-02 12:10:00,2017-07-02,12:10,609,4701,5310,0
2017-07-02 12:20:00,2017-07-02,12:20,688,4622,5310,0
2017-07-02 12:30:00,2017-07-02,12:30,676,4634,5310,0
2017-07-02 12:40:00,2017-07-02,12:40,711,4599,5310,0
2017-07-02 12:50:00,2017-07-02,12:50,768,4542,5310,0
2017-07-02 13:00:00,2017-07-02,13:00,754,4556,5310,0
2017-07-02 13:10:00,2017-07-02,13:10,761,4549,5310,0
2017-07-02 13:20:00,2017-07-02,13:20,811,4499,5310,0
2017-07-02 13:30:00,2017-07-02,13:30,806,4504,5310,0
2017-07-02 13:40:00,2017-07-02,13:40,813,4497,5310,0
2017-07-02 13:50:00,2017-07-02,13:50,825,4485,5310,0
2017-07-02 14:00:00,2017-07-02,14:00,810,4500,5310,0
2017-07-02 14:10:00,2017-07-02,14:10,766,4544,5310,0
2017-07-02 14:20:00,2017-07-02,14:20,750,4560,5310,0
2017-07-02 14:30:00,2017-07-02,14:30,754,4556,5310,0
2017-07-02 14:40:00,2017-07-02,14:40,777,4533,5310,0
2017-07-02 14:50:00,2017-07-02,14:50,772,4538,5310,0
2017-07-02 15:00:00,2017-07-02,15:00,749,4561,5310,0
2017-07-02 15:10:00,2017-07-02,15:10,804,4506,5310,0
2017-07-02 15:20:00,2017-07-02,15:20,829,4481,5310,0
2017-07-02 15:30:00,2017-07-02,15:30,819,4491,5310,0
2017-07-02 15:40:00,2017-07-02,15:40,830,4480,5310,0
2017-07-02 15:50:00,2017-07-02,15:50,794,4516,5310,0
2017-07-02 16:00:00,2017-07-02,16:00,798,4512,5310,0
2017-07-02 16:10:00,2017-07-02,16:10,840,4470,5310,0
2017-07-02 16:20:00,2017-07-02,16:20,798,4512,5310,0
2017-07-02 16:30:00,2017-07-02,16:30,750,4560,5310,0
2017-07-02 16:40:00,2017-07-02,16:40,741,4569,5310,0
2017-07-02 16:50:00,2017-07-02,16:50,727,4583,5310,0
2017-07-02 17:00:00,2017-07-02,17:00,690,4620,5310,0
2017-07-02 17:10:00,2017-07-02,17:10,588,4722,5310,0
2017-07-02 17:20:00,2017-07-02,17:20,579,4731,5310,0
2017-07-02 17:30:00,2017-07-02,17:30,558,4752,5310,0
2017-07-02 17:40:00,2017-07-02,17:40,587,4723,5310,0
2017-07-02 17:50:00,2017-07-02,17:50,585,4725,5310,0
2017-07-02 18:00:00,2017-07-02,18:00,566,4744,5310,0
2017-07-02 18:10:00,2017-07-02,18:10,546,4764,5310,0
2017-07-02 18:20:00,2017-07-02,18:20,542,4768,5310,0
2017-07-02 18:30:00,2017-07-02,18:30,531,4779,5310,0
2017-07-02 18:40:00,2017-07-02,18:40,491,4819,5310,0
2017-07-02 18:50:00,2017-07-02,18:50,525,4785,5310,0
2017-07-02 19:00:00,2017-07-02,19:00,492,4818,5310,0
2017-07-02 19:10:00,2017-07-02,19:10,488,4822,5310,0
2017-07-02 19:20:00,2017-07-02,19:20,466,4844,5310,0
2017-07-02 19:30:00,2017-07-02,19:30,479,4831,5310,0
2017-07-02 19:40:00,2017-07-02,19:40,441,4869,5310,0
2017-07-02 19:50:00,2017-07-02,19:50,455,4855,5310,0
2017-07-02 20:00:00,2017-07-02,20:00,433,4877,5310,0
2017-07-02 20:10:00,2017-07-02,20:10,423,4887,5310,0
2017-07-02 20:20:00,2017-07-02,20:20,403,4907,5310,0
2017-07-02 20:30:00,2017-07-02,20:30,368,4942,5310,0
2017-07-02 20:40:00,2017-07-02,20:40,354,4956,5310,0
2017-07-02 20:50:00,2017-07-02,20:50,330,4980,5310,0
2017-07-02 21:00:00,2017-07-02,21:00,305,5005,5310,0
2017-07-02 21:10:00,2017-07-02,21:10,300,5010,5310,0
2017-07-02 21:20:00,2017-07-02,21:20,236,5074,5310,0
2017-07-02 21:30:00,2017-07-02,21:30,198,5112,5310,0
2017-07-02 21:40:00,2017-07-02,21:40,193,5117,5310,0
2017-07-02 21:50:00,2017-07-02,21:50,158,5152,5310,0
2017-07-02 22:00:00,2017-07-02,22:00,155,5155,5310,0
2017-07-02 22:10:00,2017-07-02,22:10,141,5169,5310,0
2017-07-02 22:20:00,2017-07-02,22:20,129,5181,5310,0
2017-07-02 22:30:00,2017-07-02,22:30,146,5164,5310,0
2017-07-02 22:40:00,2017-07-02,22:40,147,5163,5310,0
2017-07-02 22:50:00,2017-07-02,22:50,113,5197,5310,0
2017-07-02 23:00:00,2017-07-02,23:00,93,5217,5310,0
2017-07-02 23:10:00,2017-07-02,23:10,107,5203,5310,0
2017-07-02 23:20:00,2017-07-02,23:20,141,5169,5310,0
2017-07-02 23:30:00,2017-07-02,23:30,122,5188,5310,0
2017-07-02 23:40:00,2017-07-02,23:40,113,5197,5310,0
2017-07-02 23:50:00,2017-07-02,23:50,92,5218,5310,0
2017-07-03 00:00:00,2017-07-03,00:00,91,5219,5310,0
2017-07-03 00:10:00,2017-07-03,00:10,87,5223,5310,0
2017-07-03 00:20:00,2017-07-03,00:20,74,5236,5310,0
2017-07-03 00:30:00,2017-07-03,00:30,68,5242,5310,0
2017-07-03 00:40:00,2017-07-03,00:40,65,5245,5310,0
2017-07-03 00:50:00,2017-07-03,00:50,59,5251,5310,0
2017-07-03 01:00:00,2017-07-03,01:00,64,5246,5310,0
2017-07-03 01:10:00,2017-07-03,01:10,60,5250,5310,0
2017-07-03 01:20:00,2017-07-03,01:20,48,5262,5310,0
2017-07-03 01:30:00,2017-07-03,01:30,55,5255,5310,0
2017-07-03 01:40:00,2017-07-03,01:40,60,5250,5310,0
2017-07-03 01:50:00,2017-07-03,01:50,65,5245,5310,0
2017-07-03 02:00:00,2017-07-03,02:00,61,5249,5310,0
2017-07-03 02:10:00,2017-07-03,02:10,51,5259,5310,0
2017-07-03 02:20:00,2017-07-03,02:20,50,5260,5310,0
2017-07-03 02:30:00,2017-07-03,02:30,47,5263,5310,0
2017-07-03 02:40:00,2017-07-03,02:40,39,5271,5310,0
2017-07-03 02:50:00,2017-07-03,02:50,35,5275,5310,0
2017-07-03 03:00:00,2017-07-03,03:00,35,5275,5310,0
2017-07-03 03:10:00,2017-07-03,03:10,34,5276,5310,0
2017-07-03 03:20:00,2017-07-03,03:20,29,5281,5310,0
2017-07-03 03:30:00,2017-07-03,03:30,24,5286,5310,0
2017-07-03 03:40:00,2017-07-03,03:40,22,5288,5310,0
2017-07-03 03:50:00,2017-07-03,03:50,21,5289,5310,0
2017-07-03 04:00:00,2017-07-03,04:00,26,5284,5310,0
2017-07-03 04:10:00,2017-07-03,04:10,30,5280,5310,0
2017-07-03 04:20:00,2017-07-03,04:20,23,5287,5310,0
2017-07-03 04:30:00,2017-07-03,04:30,21,5289,5310,0
2017-07-03 04:40:00,2017-07-03,04:40,22,5288,5310,0
2017-07-03 04:50:00,2017-07-03,04:50,21,5289,5310,0
2017-07-03 05:00:00,2017-07-03,05:00,27,5283,5310,0
2017-07-03 05:10:00,2017-07-03,05:10,33,5277,5310,0
2017-07-03 05:20:00,2017-07-03,05:20,33,5277,5310,0
2017-07-03 05:30:00,2017-07-03,05:30,39,5271,5310,0
2017-07-03 05:40:00,2017-07-03,05:40,42,5268,5310,0
2017-07-03 05:50:00,2017-07-03,05:50,39,5271,5310,0
2017-07-03 06:00:00,2017-07-03,06:00,45,5265,5310,0
2017-07-03 06:10:00,2017-07-03,06:10,55,5255,5310,0
2017-07-03 06:20:00,2017-07-03,06:20,71,5239,5310,0
2017-07-03 06:30:00,2017-07-03,06:30,63,5247,5310,0
2017-07-03 06:40:00,2017-07-03,06:40,67,5243,5310,0
2017-07-03 06:50:00,2017-07-03,06:50,80,5230,5310,0
2017-07-03 07:00:00,2017-07-03,07:00,86,5224,5310,0
2017-07-03 07:10:00,2017-07-03,07:10,92,5218,5310,0
2017-07-03 07:20:00,2017-07-03,07:20,123,5187,5310,0
2017-07-03 07:30:00,2017-07-03,07:30,125,5185,5310,0
2017-07-03 07:40:00,2017-07-03,07:40,160,5150,5310,0
2017-07-03 07:50:00,2017-07-03,07:50,148,5162,5310,0
2017-07-03 08:00:00,2017-07-03,08:00,167,5143,5310,0
2017-07-03 08:10:00,2017-07-03,08:10,163,5147,5310,0
2017-07-03 08:20:00,2017-07-03,08:20,174,5136,5310,0
2017-07-03 08:30:00,2017-07-03,08:30,190,5120,5310,0
2017-07-03 08:40:00,2017-07-03,08:40,222,5088,5310,0
2017-07-03 08:50:00,2017-07-03,08:50,197,5113,5310,0
2017-07-03 09:00:00,2017-07-03,09:00,182,5128,5310,0
2017-07-03 09:10:00,2017-07-03,09:10,200,5110,5310,0
2017-07-03 09:20:00,2017-07-03,09:20,206,5104,5310,0
2017-07-03 09:30:00,2017-07-03,09:30,223,5087,5310,0
2017-07-03 09:40:00,2017-07-03,09:40,209,5101,5310,0
2017-07-03 09:50:00,2017-07-03,09:50,212,5098,5310,0
2017-07-03 10:00:00,2017-07-03,10:00,242,5068,5310,0
2017-07-03 10:10:00,2017-07-03,10:10,279,5031,5310,0
2017-07-03 10:20:00,2017-07-03,10:20,297,5013,5310,0
2017-07-03 10:30:00,2017-07-03,10:30,325,4985,5310,0
2017-07-03 10:40:00,2017-07-03,10:40,370,4940,5310,0
2017-07-03 10:50:00,2017-07-03,10:50,381,4929,5310,0
2017-07-03 11:00:00,2017-07-03,11:00,401,4909,5310,0
2017-07-03 11:10:00,2017-07-03,11:10,454,4856,5310,0
2017-07-03 11:20:00,2017-07-03,11:20,479,4831,5310,0
2017-07-03 11:30:00,2017-07-03,11:30,489,4821,5310,0
2017-07-03 11:40:00,2017-07-03,11:40,527,4783,5310,0
2017-07-03 11:50:00,2017-07-03,11:50,572,4738,5310,0
2017-07-03 12:00:00,2017-07-03,12:00,599,4711,5310,0
2017-07-03 12:10:00,2017-07-03,12:10,602,4708,5310,0
2017-07-03 12:20:00,2017-07-03,12:20,615,4695,5310,0
2017-07-03 12:30:00,2017-07-03,12:30,638,4672,5310,0
2017-07-03 12:40:00,2017-07-03,12:40,661,4649,5310,0
2017-07-03 12:50:00,2017-07-03,12:50,669,4641,5310,0
2017-07-03 13:00:00,2017-07-03,13:00,664,4646,5310,0
2017-07-03 13:10:00,2017-07-03,13:10,675,4635,5310,0
2017-07-03 13:20:00,2017-07-03,13:20,700,4610,5310,0
2017-07-03 13:30:00,2017-07-03,13:30,715,4595,5310,0
2017-07-03 13:40:00,2017-07-03,13:40,692,4618,5310,0
2017-07-03 13:50:00,2017-07-03,13:50,726,4584,5310,0
2017-07-03 14:00:00,2017-07-03,14:00,749,4561,5310,0
2017-07-03 14:10:00,2017-07-03,14:10,783,4527,5310,0
2017-07-03 14:20:00,2017-07-03,14:20,741,4569,5310,0
2017-07-03 14:30:00,2017-07-03,14:30,741,4569,5310,0
2017-07-03 14:40:00,2017-07-03,14:40,757,4553,5310,0
2017-07-03 14:50:00,2017-07-03,14:50,777,4533,5310,0
2017-07-03 15:00:00,2017-07-03,15:00,788,4522,5310,0
2017-07-03 15:10:00,2017-07-03,15:10,755,4555,5310,0
2017-07-03 15:20:00,2017-07-03,15:20,720,4590,5310,0
2017-07-03 15:30:00,2017-07-03,15:30,714,4596,5310,0
2017-07-03 15:40:00,2017-07-03,15:40,748,4562,5310,0
2017-07-03 15:50:00,2017-07-03,15:50,716,4594,5310,0
2017-07-03 16:00:00,2017-07-03,16:00,678,4632,5310,0
2017-07-03 16:10:00,2017-07-03,16:10,748,4562,5310,0
2017-07-03 16:20:00,2017-07-03,16:20,753,4557,5310,0
2017-07-03 16:30:00,2017-07-03,16:30,716,4594,5310,0
2017-07-03 16:40:00,2017-07-03,16:40,738,4572,5310,0
2017-07-03 16:50:00,2017-07-03,16:50,790,4520,5310,0
2017-07-03 17:00:00,2017-07-03,17:00,764,4546,5310,0
2017-07-03 17:10:00,2017-07-03,17:10,707,4603,5310,0
2017-07-03 17:20:00,2017-07-03,17:20,696,4614,5310,0
2017-07-03 17:30:00,2017-07-03,17:30,645,4665,5310,0
2017-07-03 17:40:00,2017-07-03,17:40,654,4656,5310,0
2017-07-03 17:50:00,2017-07-03,17:50,610,4700,5310,0
2017-07-03 18:00:00,2017-07-03,18:00,587,4723,5310,0
2017-07-03 18:10:00,2017-07-03,18:10,564,4746,5310,0
2017-07-03 18:20:00,2017-07-03,18:20,538,4772,5310,0
2017-07-03 18:30:00,2017-07-03,18:30,510,4800,5310,0
2017-07-03 18:40:00,2017-07-03,18:40,471,4839,5310,0
2017-07-03 18:50:00,2017-07-03,18:50,458,4852,5310,0
2017-07-03 19:00:00,2017-07-03,19:00,465,4845,5310,0
2017-07-03 19:10:00,2017-07-03,19:10,454,4856,5310,0
2017-07-03 19:20:00,2017-07-03,19:20,443,4867,5310,0
2017-07-03 19:30:00,2017-07-03,19:30,374,4936,5310,0
2017-07-03 19:40:00,2017-07-03,19:40,333,4977,5310,0
2017-07-03 19:50:00,2017-07-03,19:50,299,5011,5310,0
2017-07-03 20:00:00,2017-07-03,20:00,298,5012,5310,0
2017-07-03 20:10:00,2017-07-03,20:10,250,5060,5310,0
2017-07-03 20:20:00,2017-07-03,20:20,217,5093,5310,0
2017-07-03 20:30:00,2017-07-03,20:30,184,5126,5310,0
2017-07-03 20:40:00,2017-07-03,20:40,229,5081,5310,0
2017-07-03 20:50:00,2017-07-03,20:50,243,5067,5310,0
2017-07-03 21:00:00,2017-07-03,21:00,210,5100,5310,0
2017-07-03 21:10:00,2017-07-03,21:10,187,5123,5310,0
2017-07-03 21:20:00,2017-07-03,21:20,174,5136,5310,0
2017-07-03 21:30:00,2017-07-03,21:30,165,5145,5310,0
2017-07-03 21:40:00,2017-07-03,21:40,150,5160,5310,0
2017-07-03 21:50:00,2017-07-03,21:50,176,5134,5310,0
2017-07-03 22:00:00,2017-07-03,22:00,151,5159,5310,0
2017-07-03 22:10:00,2017-07-03,22:10,142,5168,5310,0
2017-07-03 22:20:00,2017-07-03,22:20,160,5150,5310,0
2017-07-03 22:30:00,2017-07-03,22:30,153,5157,5310,0
2017-07-03 22:40:00,2017-07-03,22:40,152,5158,5310,0
2017-07-03 22:50:00,2017-07-03,22:50,118,5192,5310,0
2017-07-03 23:00:00,2017-07-03,23:00,114,5196,5310,0
2017-07-03 23:10:00,2017-07-03,23:10,117,5193,5310,0
2017-07-03 23:20:00,2017-07-03,23:20,132,5178,5310,0
2017-07-03 23:30:00,2017-07-03,23:30,106,5204,5310,0
2017-07-03 23:40:00,2017-07-03,23:40,107,5203,5310,0
2017-07-03 23:50:00,2017-07-03,23:50,96,5214,5310,0
2017-07-04 00:00:00,2017-07-04,00:00,73,5237,5310,0
2017-07-04 00:10:00,2017-07-04,00:10,67,5243,5310,0
2017-07-04 00:20:00,2017-07-04,00:20,57,5253,5310,0
2017-07-04 00:30:00,2017-07-04,00:30,71,5239,5310,0
2017-07-04 00:40:00,2017-07-04,00:40,72,5238,5310,0
2017-07-04 00:50:00,2017-07-04,00:50,60,5250,5310,0
2017-07-04 01:00:00,2017-07-04,01:00,53,5257,5310,0
2017-07-04 01:10:00,2017-07-04,01:10,64,5246,5310,0
2017-07-04 01:20:00,2017-07-04,01:20,56,5254,5310,0
2017-07-04 01:30:00,2017-07-04,01:30,68,5242,5310,0
2017-07-04 01:40:00,2017-07-04,01:40,51,5259,5310,0
2017-07-04 01:50:00,2017-07-04,01:50,53,5257,5310,0
2017-07-04 02:00:00,2017-07-04,02:00,51,5259,5310,0
2017-07-04 02:10:00,2017-07-04,02:10,53,5257,5310,0
2017-07-04 02:20:00,2017-07-04,02:20,51,5259,5310,0
2017-07-04 02:30:00,2017-07-04,02:30,41,5269,5310,0
2017-07-04 02:40:00,2017-07-04,02:40,38,5272,5310,0
2017-07-04 02:50:00,2017-07-04,02:50,36,5274,5310,0
2017-07-04 03:00:00,2017-07-04,03:00,35,5275,5310,0
2017-07-04 03:10:00,2017-07-04,03:10,30,5280,5310,0
2017-07-04 03:20:00,2017-07-04,03:20,24,5286,5310,0
2017-07-04 03:30:00,2017-07-04,03:30,21,5289,5310,0
2017-07-04 03:40:00,2017-07-04,03:40,23,5287,5310,0
2017-07-04 03:50:00,2017-07-04,03:50,20,5290,5310,0
2017-07-04 04:00:00,2017-07-04,04:00,19,5291,5310,0
2017-07-04 04:10:00,2017-07-04,04:10,23,5287,5310,0
2017-07-04 04:20:00,2017-07-04,04:20,21,5289,5310,0
2017-07-04 04:30:00,2017-07-04,04:30,22,5288,5310,0
2017-07-04 04:40:00,2017-07-04,04:40,22,5288,5310,0
2017-07-04 04:50:00,2017-07-04,04:50,22,5288,5310,0
2017-07-04 05:00:00,2017-07-04,05:00,24,5286,5310,0
2017-07-04 05:10:00,2017-07-04,05:10,24,5286,5310,0
2017-07-04 05:20:00,2017-07-04,05:20,27,5283,5310,0
2017-07-04 05:30:00,2017-07-04,05:30,20,5290,5310,0
2017-07-04 05:40:00,2017-07-04,05:40,23,5287,5310,0
2017-07-04 05:50:00,2017-07-04,05:50,25,5285,5310,0
2017-07-04 06:00:00,2017-07-04,06:00,23,5287,5310,0
2017-07-04 06:10:00,2017-07-04,06:10,22,5288,5310,0
2017-07-04 06:20:00,2017-07-04,06:20,27,5283,5310,0
2017-07-04 06:30:00,2017-07-04,06:30,30,5280,5310,0
2017-07-04 06:40:00,2017-07-04,06:40,37,5273,5310,0
2017-07-04 06:50:00,2017-07-04,06:50,44,5266,5310,0
2017-07-04 07:00:00,2017-07-04,07:00,36,5274,5310,0
2017-07-04 07:10:00,2017-07-04,07:10,40,5270,5310,0
2017-07-04 07:20:00,2017-07-04,07:20,47,5263,5310,0
2017-07-04 07:30:00,2017-07-04,07:30,64,5246,5310,0
2017-07-04 07:40:00,2017-07-04,07:40,78,5232,5310,0
2017-07-04 07:50:00,2017-07-04,07:50,95,5215,5310,0
2017-07-04 08:00:00,2017-07-04,08:00,94,5216,5310,0
2017-07-04 08:10:00,2017-07-04,08:10,105,5205,5310,0
2017-07-04 08:20:00,2017-07-04,08:20,119,5191,5310,0
2017-07-04 08:30:00,2017-07-04,08:30,114,5196,5310,0
2017-07-04 08:40:00,2017-07-04,08:40,141,5169,5310,0
2017-07-04 08:50:00,2017-07-04,08:50,150,5160,5310,0
2017-07-04 09:00:00,2017-07-04,09:00,154,5156,5310,0
2017-07-04 09:10:00,2017-07-04,09:10,184,5126,5310,0
2017-07-04 09:20:00,2017-07-04,09:20,202,5108,5310,0
2017-07-04 09:30:00,2017-07-04,09:30,186,5124,5310,0
2017-07-04 09:40:00,2017-07-04,09:40,220,5090,5310,0
2017-07-04 09:50:00,2017-07-04,09:50,302,5008,5310,0
2017-07-04 10:00:00,2017-07-04,10:00,303,5007,5310,0
2017-07-04 10:10:00,2017-07-04,10:10,319,4991,5310,0
2017-07-04 10:20:00,2017-07-04,10:20,381,4929,5310,0
2017-07-04 10:30:00,2017-07-04,10:30,387,4923,5310,0
2017-07-04 10:40:00,2017-07-04,10:40,435,4875,5310,0
2017-07-04 10:50:00,2017-07-04,10:50,440,4870,5310,0
2017-07-04 11:00:00,2017-07-04,11:00,437,4873,5310,0
2017-07-04 11:10:00,2017-07-04,11:10,460,4850,5310,0
2017-07-04 11:20:00,2017-07-04,11:20,479,4831,5310,0
2017-07-04 11:30:00,2017-07-04,11:30,526,4784,5310,0
2017-07-04 11:40:00,2017-07-04,11:40,528,4782,5310,0
2017-07-04 11:50:00,2017-07-04,11:50,579,4731,5310,0
2017-07-04 12:00:00,2017-07-04,12:00,577,4733,5310,0
2017-07-04 12:10:00,2017-07-04,12:10,595,4715,5310,0
2017-07-04 12:20:00,2017-07-04,12:20,645,4665,5310,0
2017-07-04 12:30:00,2017-07-04,12:30,675,4635,5310,0
2017-07-04 12:40:00,2017-07-04,12:40,664,4646,5310,0
2017-07-04 12:50:00,2017-07-04,12:50,708,4602,5310,0
2017-07-04 13:00:00,2017-07-04,13:00,742,4568,5310,0
2017-07-04 13:10:00,2017-07-04,13:10,721,4589,5310,0
2017-07-04 13:20:00,2017-07-04,13:20,717,4593,5310,0
2017-07-04 13:30:00,2017-07-04,13:30,746,4564,5310,0
2017-07-04 13:40:00,2017-07-04,13:40,783,4527,5310,0
2017-07-04 13:50:00,2017-07-04,13:50,753,4557,5310,0
2017-07-04 14:00:00,2017-07-04,14:00,736,4574,5310,0
2017-07-04 14:10:00,2017-07-04,14:10,746,4564,5310,0
2017-07-04 14:20:00,2017-07-04,14:20,740,4570,5310,0
2017-07-04 14:30:00,2017-07-04,14:30,751,4559,5310,0
2017-07-04 14:40:00,2017-07-04,14:40,760,4550,5310,0
2017-07-04 14:50:00,2017-07-04,14:50,762,4548,5310,0
2017-07-04 15:00:00,2017-07-04,15:00,732,4578,5310,0
2017-07-04 15:10:00,2017-07-04,15:10,704,4606,5310,0
2017-07-04 15:20:00,2017-07-04,15:20,698,4612,5310,0
2017-07-04 15:30:00,2017-07-04,15:30,744,4566,5310,0
2017-07-04 15:40:00,2017-07-04,15:40,736,4574,5310,0
2017-07-04 15:50:00,2017-07-04,15:50,723,4587,5310,0
2017-07-04 16:00:00,2017-07-04,16:00,710,4600,5310,0
2017-07-04 16:10:00,2017-07-04,16:10,726,4584,5310,0
2017-07-04 16:20:00,2017-07-04,16:20,710,4600,5310,0
2017-07-04 16:30:00,2017-07-04,16:30,723,4587,5310,0
2017-07-04 16:40:00,2017-07-04,16:40,708,4602,5310,0
2017-07-04 16:50:00,2017-07-04,16:50,683,4627,5310,0
2017-07-04 17:00:00,2017-07-04,17:00,646,4664,5310,0
2017-07-04 17:10:00,2017-07-04,17:10,666,4644,5310,0
2017-07-04 17:20:00,2017-07-04,17:20,648,4662,5310,0
2017-07-04 17:30:00,2017-07-04,17:30,653,4657,5310,0
2017-07-04 17:40:00,2017-07-04,17:40,615,4695,5310,0
2017-07-04 17:50:00,2017-07-04,17:50,603,4707,5310,0
2017-07-04 18:00:00,2017-07-04,18:00,595,4715,5310,0
2017-07-04 18:10:00,2017-07-04,18:10,586,4724,5310,0
2017-07-04 18:20:00,2017-07-04,18:20,566,4744,5310,0
2017-07-04 18:30:00,2017-07-04,18:30,534,4776,5310,0
2017-07-04 18:40:00,2017-07-04,18:40,551,4759,5310,0
2017-07-04 18:50:00,2017-07-04,18:50,508,4802,5310,0
2017-07-04 19:00:00,2017-07-04,19:00,498,4812,5310,0
2017-07-04 19:10:00,2017-07-04,19:10,485,4825,5310,0
2017-07-04 19:20:00,2017-07-04,19:20,505,4805,5310,0
2017-07-04 19:30:00,2017-07-04,19:30,506,4804,5310,0
2017-07-04 19:40:00,2017-07-04,19:40,487,4823,5310,0
2017-07-04 19:50:00,2017-07-04,19:50,453,4857,5310,0
2017-07-04 20:00:00,2017-07-04,20:00,415,4895,5310,0
2017-07-04 20:10:00,2017-07-04,20:10,407,4903,5310,0
2017-07-04 20:20:00,2017-07-04,20:20,429,4881,5310,0
2017-07-04 20:30:00,2017-07-04,20:30,454,4856,5310,0
2017-07-04 20:40:00,2017-07-04,20:40,499,4811,5310,0
2017-07-04 20:50:00,2017-07-04,20:50,489,4821,5310,0
2017-07-04 21:00:00,2017-07-04,21:00,484,4826,5310,0
2017-07-04 21:10:00,2017-07-04,21:10,481,4829,5310,0
2017-07-04 21:20:00,2017-07-04,21:20,456,4854,5310,0
2017-07-04 21:30:00,2017-07-04,21:30,437,4873,5310,0
2017-07-04 21:40:00,2017-07-04,21:40,442,4868,5310,0
2017-07-04 21:50:00,2017-07-04,21:50,491,4819,5310,0
2017-07-04 22:00:00,2017-07-04,22:00,632,4678,5310,0
2017-07-04 22:10:00,2017-07-04,22:10,624,4686,5310,0
2017-07-04 22:20:00,2017-07-04,22:20,572,4738,5310,0
2017-07-04 22:30:00,2017-07-04,22:30,462,4848,5310,0
2017-07-04 22:40:00,2017-07-04,22:40,412,4898,5310,0
2017-07-04 22:50:00,2017-07-04,22:50,355,4955,5310,0
2017-07-04 23:00:00,2017-07-04,23:00,284,5026,5310,0
2017-07-04 23:10:00,2017-07-04,23:10,233,5077,5310,0
2017-07-04 23:20:00,2017-07-04,23:20,184,5126,5310,0
2017-07-04 23:30:00,2017-07-04,23:30,166,5144,5310,0
2017-07-04 23:40:00,2017-07-04,23:40,115,5195,5310,0
2017-07-04 23:50:00,2017-07-04,23:50,100,5210,5310,0
2017-07-05 00:00:00,2017-07-05,00:00,79,5231,5310,0
2017-07-05 00:10:00,2017-07-05,00:10,67,5243,5310,0
2017-07-05 00:20:00,2017-07-05,00:20,84,5226,5310,0
2017-07-05 00:30:00,2017-07-05,00:30,63,5247,5310,0
2017-07-05 00:40:00,2017-07-05,00:40,57,5253,5310,0
2017-07-05 00:50:00,2017-07-05,00:50,58,5252,5310,0
2017-07-05 01:00:00,2017-07-05,01:00,53,5257,5310,0
2017-07-05 01:10:00,2017-07-05,01:10,46,5264,5310,0
2017-07-05 01:20:00,2017-07-05,01:20,34,5276,5310,0
2017-07-05 01:30:00,2017-07-05,01:30,31,5279,5310,0
2017-07-05 01:40:00,2017-07-05,01:40,36,5274,5310,0
2017-07-05 01:50:00,2017-07-05,01:50,29,5281,5310,0
2017-07-05 02:00:00,2017-07-05,02:00,32,5278,5310,0
2017-07-05 02:10:00,2017-07-05,02:10,30,5280,5310,0
2017-07-05 02:20:00,2017-07-05,02:20,30,5280,5310,0
2017-07-05 02:30:00,2017-07-05,02:30,25,5285,5310,0
2017-07-05 02:40:00,2017-07-05,02:40,25,5285,5310,0
2017-07-05 02:50:00,2017-07-05,02:50,22,5288,5310,0
2017-07-05 03:00:00,2017-07-05,03:00,16,5294,5310,0
2017-07-05 03:10:00,2017-07-05,03:10,15,5295,5310,0
2017-07-05 03:20:00,2017-07-05,03:20,16,5294,5310,0
2017-07-05 03:30:00,2017-07-05,03:30,17,5293,5310,0
2017-07-05 03:40:00,2017-07-05,03:40,16,5294,5310,0
2017-07-05 03:50:00,2017-07-05,03:50,18,5292,5310,0
2017-07-05 04:00:00,2017-07-05,04:00,17,5293,5310,0
2017-07-05 04:10:00,2017-07-05,04:10,18,5292,5310,0
2017-07-05 04:20:00,2017-07-05,04:20,20,5290,5310,0
2017-07-05 04:30:00,2017-07-05,04:30,21,5289,5310,0
2017-07-05 04:40:00,2017-07-05,04:40,19,5291,5310,0
2017-07-05 04:50:00,2017-07-05,04:50,19,5291,5310,0
2017-07-05 05:00:00,2017-07-05,05:00,18,5292,5310,0
2017-07-05 05:10:00,2017-07-05,05:10,24,5286,5310,0
2017-07-05 05:20:00,2017-07-05,05:20,33,5277,5310,0
2017-07-05 05:30:00,2017-07-05,05:30,38,5272,5310,0
2017-07-05 05:40:00,2017-07-05,05:40,52,5258,5310,0
2017-07-05 05:50:00,2017-07-05,05:50,49,5261,5310,0
2017-07-05 06:00:00,2017-07-05,06:00,49,5261,5310,0
2017-07-05 06:10:00,2017-07-05,06:10,71,5239,5310,0
2017-07-05 06:20:00,2017-07-05,06:20,105,5205,5310,0
2017-07-05 06:30:00,2017-07-05,06:30,97,5213,5310,0
2017-07-05 06:40:00,2017-07-05,06:40,120,5190,5310,0
2017-07-05 06:50:00,2017-07-05,06:50,139,5171,5310,0
2017-07-05 07:00:00,2017-07-05,07:00,125,5185,5310,0
2017-07-05 07:10:00,2017-07-05,07:10,180,5130,5310,0
2017-07-05 07:20:00,2017-07-05,07:20,204,5106,5310,0
2017-07-05 07:30:00,2017-07-05,07:30,230,5080,5310,0
2017-07-05 07:40:00,2017-07-05,07:40,257,5053,5310,0
2017-07-05 07:50:00,2017-07-05,07:50,285,5025,5310,0
2017-07-05 08:00:00,2017-07-05,08:00,264,5046,5310,0
2017-07-05 08:10:00,2017-07-05,08:10,288,5022,5310,0
2017-07-05 08:20:00,2017-07-05,08:20,305,5005,5310,0
2017-07-05 08:30:00,2017-07-05,08:30,322,4988,5310,0
2017-07-05 08:40:00,2017-07-05,08:40,310,5000,5310,0
2017-07-05 08:50:00,2017-07-05,08:50,291,5019,5310,0
2017-07-05 09:00:00,2017-07-05,09:00,255,5055,5310,0
2017-07-05 09:10:00,2017-07-05,09:10,219,5091,5310,0
2017-07-05 09:20:00,2017-07-05,09:20,189,5121,5310,0
2017-07-05 09:30:00,2017-07-05,09:30,179,5131,5310,0
2017-07-05 09:40:00,2017-07-05,09:40,181,5129,5310,0
2017-07-05 09:50:00,2017-07-05,09:50,192,5118,5310,0
2017-07-05 10:00:00,2017-07-05,10:00,164,5146,5310,0
2017-07-05 10:10:00,2017-07-05,10:10,150,5160,5310,0
2017-07-05 10:20:00,2017-07-05,10:20,174,5136,5310,0
2017-07-05 10:30:00,2017-07-05,10:30,190,5120,5310,0
2017-07-05 10:40:00,2017-07-05,10:40,191,5119,5310,0
2017-07-05 10:50:00,2017-07-05,10:50,185,5125,5310,0
2017-07-05 11:00:00,2017-07-05,11:00,167,5143,5310,0
2017-07-05 11:10:00,2017-07-05,11:10,201,5109,5310,0
2017-07-05 11:20:00,2017-07-05,11:20,208,5102,5310,0
2017-07-05 11:30:00,2017-07-05,11:30,215,5095,5310,0
2017-07-05 11:40:00,2017-07-05,11:40,238,5072,5310,0
2017-07-05 11:50:00,2017-07-05,11:50,225,5085,5310,0
2017-07-05 12:00:00,2017-07-05,12:00,227,5083,5310,0
2017-07-05 12:10:00,2017-07-05,12:10,234,5076,5310,0
2017-07-05 12:20:00,2017-07-05,12:20,261,5049,5310,0
2017-07-05 12:30:00,2017-07-05,12:30,273,5037,5310,0
2017-07-05 12:40:00,2017-07-05,12:40,261,5049,5310,0
2017-07-05 12:50:00,2017-07-05,12:50,235,5075,5310,0
2017-07-05 13:00:00,2017-07-05,13:00,246,5064,5310,0
2017-07-05 13:10:00,2017-07-05,13:10,230,5080,5310,0
2017-07-05 13:20:00,2017-07-05,13:20,223,5087,5310,0
2017-07-05 13:30:00,2017-07-05,13:30,228,5082,5310,0
2017-07-05 13:40:00,2017-07-05,13:40,256,5054,5310,0
2017-07-05 13:50:00,2017-07-05,13:50,232,5078,5310,0
2017-07-05 14:00:00,2017-07-05,14:00,233,5077,5310,0
2017-07-05 14:10:00,2017-07-05,14:10,241,5069,5310,0
2017-07-05 14:20:00,2017-07-05,14:20,275,5035,5310,0
2017-07-05 14:30:00,2017-07-05,14:30,245,5065,5310,0
2017-07-05 14:40:00,2017-07-05,14:40,248,5062,5310,0
2017-07-05 14:50:00,2017-07-05,14:50,246,5064,5310,0
2017-07-05 15:00:00,2017-07-05,15:00,256,5054,5310,0
2017-07-05 15:10:00,2017-07-05,15:10,285,5025,5310,0
2017-07-05 15:20:00,2017-07-05,15:20,292,5018,5310,0
2017-07-05 15:30:00,2017-07-05,15:30,268,5042,5310,0
2017-07-05 15:40:00,2017-07-05,15:40,272,5038,5310,0
2017-07-05 15:50:00,2017-07-05,15:50,284,5026,5310,0
2017-07-05 16:00:00,2017-07-05,16:00,284,5026,5310,0
2017-07-05 16:10:00,2017-07-05,16:10,342,4968,5310,0
2017-07-05 16:20:00,2017-07-05,16:20,378,4932,5310,0
2017-07-05 16:30:00,2017-07-05,16:30,377,4933,5310,0
2017-07-05 16:40:00,2017-07-05,16:40,437,4873,5310,0
2017-07-05 16:50:00,2017-07-05,16:50,469,4841,5310,0
2017-07-05 17:00:00,2017-07-05,17:00,508,4802,5310,0
2017-07-05 17:10:00,2017-07-05,17:10,649,4661,5310,0
2017-07-05 17:20:00,2017-07-05,17:20,712,4598,5310,0
2017-07-05 17:30:00,2017-07-05,17:30,719,4591,5310,0
2017-07-05 17:40:00,2017-07-05,17:40,674,4636,5310,0
2017-07-05 17:50:00,2017-07-05,17:50,641,4669,5310,0
2017-07-05 18:00:00,2017-07-05,18:00,574,4736,5310,0
2017-07-05 18:10:00,2017-07-05,18:10,584,4726,5310,0
2017-07-05 18:20:00,2017-07-05,18:20,532,4778,5310,0
2017-07-05 18:30:00,2017-07-05,18:30,493,4817,5310,0
2017-07-05 18:40:00,2017-07-05,18:40,459,4851,5310,0
2017-07-05 18:50:00,2017-07-05,18:50,437,4873,5310,0
2017-07-05 19:00:00,2017-07-05,19:00,411,4899,5310,0
2017-07-05 19:10:00,2017-07-05,19:10,431,4879,5310,0
2017-07-05 19:20:00,2017-07-05,19:20,387,4923,5310,0
2017-07-05 19:30:00,2017-07-05,19:30,357,4953,5310,0
2017-07-05 19:40:00,2017-07-05,19:40,359,4951,5310,0
2017-07-05 19:50:00,2017-07-05,19:50,336,4974,5310,0
2017-07-05 20:00:00,2017-07-05,20:00,301,5009,5310,0
2017-07-05 20:10:00,2017-07-05,20:10,292,5018,5310,0
2017-07-05 20:20:00,2017-07-05,20:20,249,5061,5310,0
2017-07-05 20:30:00,2017-07-05,20:30,258,5052,5310,0
2017-07-05 20:40:00,2017-07-05,20:40,241,5069,5310,0
2017-07-05 20:50:00,2017-07-05,20:50,253,5057,5310,0
2017-07-05 21:00:00,2017-07-05,21:00,232,5078,5310,0
2017-07-05 21:10:00,2017-07-05,21:10,209,5101,5310,0
2017-07-05 21:20:00,2017-07-05,21:20,207,5103,5310,0
2017-07-05 21:30:00,2017-07-05,21:30,174,5136,5310,0
2017-07-05 21:40:00,2017-07-05,21:40,157,5153,5310,0
2017-07-05 21:50:00,2017-07-05,21:50,157,5153,5310,0
2017-07-05 22:00:00,2017-07-05,22:00,150,5160,5310,0
2017-07-05 22:10:00,2017-07-05,22:10,133,5177,5310,0
2017-07-05 22:20:00,2017-07-05,22:20,126,5184,5310,0
2017-07-05 22:30:00,2017-07-05,22:30,117,5193,5310,0
2017-07-05 22:40:00,2017-07-05,22:40,97,5213,5310,0
2017-07-05 22:50:00,2017-07-05,22:50,80,5230,5310,0
2017-07-05 23:00:00,2017-07-05,23:00,81,5229,5310,0
2017-07-05 23:10:00,2017-07-05,23:10,69,5241,5310,0
2017-07-05 23:20:00,2017-07-05,23:20,61,5249,5310,0
2017-07-05 23:30:00,2017-07-05,23:30,51,5259,5310,0
2017-07-05 23:40:00,2017-07-05,23:40,44,5266,5310,0
2017-07-05 23:50:00,2017-07-05,23:50,39,5271,5310,0
2017-07-06 00:00:00,2017-07-06,00:00,38,5272,5310,0
2017-07-06 00:10:00,2017-07-06,00:10,19,5291,5310,0
2017-07-06 00:20:00,2017-07-06,00:20,27,5283,5310,0
2017-07-06 00:30:00,2017-07-06,00:30,25,5285,5310,0
2017-07-06 00:40:00,2017-07-06,00:40,19,5291,5310,0
2017-07-06 00:50:00,2017-07-06,00:50,17,5293,5310,0
2017-07-06 01:00:00,2017-07-06,01:00,14,5296,5310,0
2017-07-06 01:10:00,2017-07-06,01:10,15,5295,5310,0
2017-07-06 01:20:00,2017-07-06,01:20,16,5294,5310,0
2017-07-06 01:30:00,2017-07-06,01:30,11,5299,5310,0
2017-07-06 01:40:00,2017-07-06,01:40,12,5298,5310,0
2017-07-06 01:50:00,2017-07-06,01:50,10,5300,5310,0
2017-07-06 02:00:00,2017-07-06,02:00,9,5301,5310,0
2017-07-06 02:10:00,2017-07-06,02:10,7,5303,5310,0
2017-07-06 02:20:00,2017-07-06,02:20,7,5303,5310,0
2017-07-06 02:30:00,2017-07-06,02:30,5,5305,5310,0
2017-07-06 02:40:00,2017-07-06,02:40,7,5303,5310,0
2017-07-06 02:50:00,2017-07-06,02:50,9,5301,5310,0
2017-07-06 03:00:00,2017-07-06,03:00,7,5303,5310,0
2017-07-06 03:10:00,2017-07-06,03:10,8,5302,5310,0
2017-07-06 03:20:00,2017-07-06,03:20,8,5302,5310,0
2017-07-06 03:30:00,2017-07-06,03:30,6,5304,5310,0
2017-07-06 03:40:00,2017-07-06,03:40,9,5301,5310,0
2017-07-06 03:50:00,2017-07-06,03:50,11,5299,5310,0
2017-07-06 04:00:00,2017-07-06,04:00,7,5303,5310,0
2017-07-06 04:10:00,2017-07-06,04:10,10,5300,5310,0
2017-07-06 04:20:00,2017-07-06,04:20,9,5301,5310,0
2017-07-06 04:30:00,2017-07-06,04:30,9,5301,5310,0
2017-07-06 04:40:00,2017-07-06,04:40,7,5303,5310,0
2017-07-06 04:50:00,2017-07-06,04:50,9,5301,5310,0
2017-07-06 05:00:00,2017-07-06,05:00,16,5294,5310,0
2017-07-06 05:10:00,2017-07-06,05:10,22,5288,5310,0
2017-07-06 05:20:00,2017-07-06,05:20,25,5285,5310,0
2017-07-06 05:30:00,2017-07-06,05:30,35,5275,5310,0
2017-07-06 05:40:00,2017-07-06,05:40,45,5265,5310,0
2017-07-06 05:50:00,2017-07-06,05:50,49,5261,5310,0
2017-07-06 06:00:00,2017-07-06,06:00,45,5265,5310,0
2017-07-06 06:10:00,2017-07-06,06:10,64,5246,5310,0
2017-07-06 06:20:00,2017-07-06,06:20,97,5213,5310,0
2017-07-06 06:30:00,2017-07-06,06:30,103,5207,5310,0
2017-07-06 06:40:00,2017-07-06,06:40,127,5183,5310,0
2017-07-06 06:50:00,2017-07-06,06:50,161,5149,5310,0
2017-07-06 07:00:00,2017-07-06,07:00,121,5189,5310,0
2017-07-06 07:10:00,2017-07-06,07:10,154,5156,5310,0
2017-07-06 07:20:00,2017-07-06,07:20,193,5117,5310,0
2017-07-06 07:30:00,2017-07-06,07:30,211,5099,5310,0
2017-07-06 07:40:00,2017-07-06,07:40,232,5078,5310,0
2017-07-06 07:50:00,2017-07-06,07:50,292,5018,5310,0
2017-07-06 08:00:00,2017-07-06,08:00,292,5018,5310,0
2017-07-06 08:10:00,2017-07-06,08:10,295,5015,5310,0
2017-07-06 08:20:00,2017-07-06,08:20,328,4982,5310,0
2017-07-06 08:30:00,2017-07-06,08:30,337,4973,5310,0
2017-07-06 08:40:00,2017-07-06,08:40,302,5008,5310,0
2017-07-06 08:50:00,2017-07-06,08:50,285,5025,5310,0
2017-07-06 09:00:00,2017-07-06,09:00,250,5060,5310,0
2017-07-06 09:10:00,2017-07-06,09:10,252,5058,5310,0
2017-07-06 09:20:00,2017-07-06,09:20,210,5100,5310,0
2017-07-06 09:30:00,2017-07-06,09:30,175,5135,5310,0
2017-07-06 09:40:00,2017-07-06,09:40,180,5130,5310,0
2017-07-06 09:50:00,2017-07-06,09:50,164,5146,5310,0
2017-07-06 10:00:00,2017-07-06,10:00,155,5155,5310,0
2017-07-06 10:10:00,2017-07-06,10:10,140,5170,5310,0
2017-07-06 10:20:00,2017-07-06,10:20,152,5158,5310,0
2017-07-06 10:30:00,2017-07-06,10:30,167,5143,5310,0
2017-07-06 10:40:00,2017-07-06,10:40,184,5126,5310,0
2017-07-06 10:50:00,2017-07-06,10:50,200,5110,5310,0
2017-07-06 11:00:00,2017-07-06,11:00,204,5106,5310,0
2017-07-06 11:10:00,2017-07-06,11:10,228,5082,5310,0
2017-07-06 11:20:00,2017-07-06,11:20,230,5080,5310,0
2017-07-06 11:30:00,2017-07-06,11:30,227,5083,5310,0
2017-07-06 11:40:00,2017-07-06,11:40,231,5079,5310,0
2017-07-06 11:50:00,2017-07-06,11:50,217,5093,5310,0
2017-07-06 12:00:00,2017-07-06,12:00,230,5080,5310,0
2017-07-06 12:10:00,2017-07-06,12:10,232,5078,5310,0
2017-07-06 12:20:00,2017-07-06,12:20,250,5060,5310,0
2017-07-06 12:30:00,2017-07-06,12:30,238,5072,5310,0
2017-07-06 12:40:00,2017-07-06,12:40,267,5043,5310,0
2017-07-06 12:50:00,2017-07-06,12:50,285,5025,5310,0
2017-07-06 13:00:00,2017-07-06,13:00,268,5042,5310,0
2017-07-06 13:10:00,2017-07-06,13:10,317,4993,5310,0
2017-07-06 13:20:00,2017-07-06,13:20,299,5011,5310,0
2017-07-06 13:30:00,2017-07-06,13:30,272,5038,5310,0
2017-07-06 13:40:00,2017-07-06,13:40,250,5060,5310,0
2017-07-06 13:50:00,2017-07-06,13:50,270,5040,5310,0
2017-07-06 14:00:00,2017-07-06,14:00,278,5032,5310,0
2017-07-06 14:10:00,2017-07-06,14:10,270,5040,5310,0
2017-07-06 14:20:00,2017-07-06,14:20,266,5044,5310,0
2017-07-06 14:30:00,2017-07-06,14:30,257,5053,5310,0
2017-07-06 14:40:00,2017-07-06,14:40,245,5065,5310,0
2017-07-06 14:50:00,2017-07-06,14:50,223,5087,5310,0
2017-07-06 15:00:00,2017-07-06,15:00,237,5073,5310,0
2017-07-06 15:10:00,2017-07-06,15:10,247,5063,5310,0
2017-07-06 15:20:00,2017-07-06,15:20,274,5036,5310,0
2017-07-06 15:30:00,2017-07-06,15:30,284,5026,5310,0
2017-07-06 15:40:00,2017-07-06,15:40,306,5004,5310,0
2017-07-06 15:50:00,2017-07-06,15:50,317,4993,5310,0
2017-07-06 16:00:00,2017-07-06,16:00,298,5012,5310,0
2017-07-06 16:10:00,2017-07-06,16:10,361,4949,5310,0
2017-07-06 16:20:00,2017-07-06,16:20,368,4942,5310,0
2017-07-06 16:30:00,2017-07-06,16:30,370,4940,5310,0
2017-07-06 16:40:00,2017-07-06,16:40,436,4874,5310,0
2017-07-06 16:50:00,2017-07-06,16:50,470,4840,5310,0
2017-07-06 17:00:00,2017-07-06,17:00,491,4819,5310,0
2017-07-06 17:10:00,2017-07-06,17:10,596,4714,5310,0
2017-07-06 17:20:00,2017-07-06,17:20,653,4657,5310,0
2017-07-06 17:30:00,2017-07-06,17:30,664,4646,5310,0
2017-07-06 17:40:00,2017-07-06,17:40,723,4587,5310,0
2017-07-06 17:50:00,2017-07-06,17:50,633,4677,5310,0
2017-07-06 18:00:00,2017-07-06,18:00,565,4745,5310,0
2017-07-06 18:10:00,2017-07-06,18:10,576,4734,5310,0
2017-07-06 18:20:00,2017-07-06,18:20,515,4795,5310,0
2017-07-06 18:30:00,2017-07-06,18:30,466,4844,5310,0
2017-07-06 18:40:00,2017-07-06,18:40,437,4873,5310,0
2017-07-06 18:50:00,2017-07-06,18:50,411,4899,5310,0
2017-07-06 19:00:00,2017-07-06,19:00,381,4929,5310,0
2017-07-06 19:10:00,2017-07-06,19:10,390,4920,5310,0
2017-07-06 19:20:00,2017-07-06,19:20,384,4926,5310,0
2017-07-06 19:30:00,2017-07-06,19:30,353,4957,5310,0
2017-07-06 19:40:00,2017-07-06,19:40,350,4960,5310,0
2017-07-06 19:50:00,2017-07-06,19:50,329,4981,5310,0
2017-07-06 20:00:00,2017-07-06,20:00,311,4999,5310,0
2017-07-06 20:10:00,2017-07-06,20:10,315,4995,5310,0
2017-07-06 20:20:00,2017-07-06,20:20,301,5009,5310,0
2017-07-06 20:30:00,2017-07-06,20:30,270,5040,5310,0
2017-07-06 20:40:00,2017-07-06,20:40,295,5015,5310,0
2017-07-06 20:50:00,2017-07-06,20:50,263,5047,5310,0
2017-07-06 21:00:00,2017-07-06,21:00,241,5069,5310,0
2017-07-06 21:10:00,2017-07-06,21:10,226,5084,5310,0
2017-07-06 21:20:00,2017-07-06,21:20,205,5105,5310,0
2017-07-06 21:30:00,2017-07-06,21:30,192,5118,5310,0
2017-07-06 21:40:00,2017-07-06,21:40,198,5112,5310,0
2017-07-06 21:50:00,2017-07-06,21:50,160,5150,5310,0
2017-07-06 22:00:00,2017-07-06,22:00,166,5144,5310,0
2017-07-06 22:10:00,2017-07-06,22:10,145,5165,5310,0
2017-07-06 22:20:00,2017-07-06,22:20,123,5187,5310,0
2017-07-06 22:30:00,2017-07-06,22:30,104,5206,5310,0
2017-07-06 22:40:00,2017-07-06,22:40,118,5192,5310,0
2017-07-06 22:50:00,2017-07-06,22:50,145,5165,5310,0
2017-07-06 23:00:00,2017-07-06,23:00,122,5188,5310,0
2017-07-06 23:10:00,2017-07-06,23:10,109,5201,5310,0
2017-07-06 23:20:00,2017-07-06,23:20,99,5211,5310,0
2017-07-06 23:30:00,2017-07-06,23:30,91,5219,5310,0
2017-07-06 23:40:00,2017-07-06,23:40,83,5227,5310,0
2017-07-06 23:50:00,2017-07-06,23:50,59,5251,5310,0
2017-07-07 00:00:00,2017-07-07,00:00,62,5248,5310,0
2017-07-07 00:10:00,2017-07-07,00:10,54,5256,5310,0
2017-07-07 00:20:00,2017-07-07,00:20,58,5252,5310,0
2017-07-07 00:30:00,2017-07-07,00:30,49,5261,5310,0
2017-07-07 00:40:00,2017-07-07,00:40,52,5258,5310,0
2017-07-07 00:50:00,2017-07-07,00:50,51,5259,5310,0
2017-07-07 01:00:00,2017-07-07,01:00,46,5264,5310,0
2017-07-07 01:10:00,2017-07-07,01:10,38,5272,5310,0
2017-07-07 01:20:00,2017-07-07,01:20,27,5283,5310,0
2017-07-07 01:30:00,2017-07-07,01:30,25,5285,5310,0
2017-07-07 01:40:00,2017-07-07,01:40,19,5291,5310,0
2017-07-07 01:50:00,2017-07-07,01:50,18,5292,5310,0
2017-07-07 02:00:00,2017-07-07,02:00,18,5292,5310,0
2017-07-07 02:10:00,2017-07-07,02:10,14,5296,5310,0
2017-07-07 02:20:00,2017-07-07,02:20,14,5296,5310,0
2017-07-07 02:30:00,2017-07-07,02:30,13,5297,5310,0
2017-07-07 02:40:00,2017-07-07,02:40,13,5297,5310,0
2017-07-07 02:50:00,2017-07-07,02:50,13,5297,5310,0
2017-07-07 03:00:00,2017-07-07,03:00,15,5295,5310,0
2017-07-07 03:10:00,2017-07-07,03:10,11,5299,5310,0
2017-07-07 03:20:00,2017-07-07,03:20,8,5302,5310,0
2017-07-07 03:30:00,2017-07-07,03:30,8,5302,5310,0
2017-07-07 03:40:00,2017-07-07,03:40,6,5304,5310,0
2017-07-07 03:50:00,2017-07-07,03:50,9,5301,5310,0
2017-07-07 04:00:00,2017-07-07,04:00,8,5302,5310,0
2017-07-07 04:10:00,2017-07-07,04:10,7,5303,5310,0
2017-07-07 04:20:00,2017-07-07,04:20,9,5301,5310,0
2017-07-07 04:30:00,2017-07-07,04:30,9,5301,5310,0
2017-07-07 04:40:00,2017-07-07,04:40,8,5302,5310,0
2017-07-07 04:50:00,2017-07-07,04:50,11,5299,5310,0
2017-07-07 05:00:00,2017-07-07,05:00,9,5301,5310,0
2017-07-07 05:10:00,2017-07-07,05:10,10,5300,5310,0
2017-07-07 05:20:00,2017-07-07,05:20,16,5294,5310,0
2017-07-07 05:30:00,2017-07-07,05:30,29,5281,5310,0
2017-07-07 05:40:00,2017-07-07,05:40,37,5273,5310,0
2017-07-07 05:50:00,2017-07-07,05:50,46,5264,5310,0
2017-07-07 06:00:00,2017-07-07,06:00,55,5255,5310,0
2017-07-07 06:10:00,2017-07-07,06:10,73,5237,5310,0
2017-07-07 06:20:00,2017-07-07,06:20,89,5221,5310,0
2017-07-07 06:30:00,2017-07-07,06:30,100,5210,5310,0
2017-07-07 06:40:00,2017-07-07,06:40,118,5192,5310,0
2017-07-07 06:50:00,2017-07-07,06:50,143,5167,5310,0
2017-07-07 07:00:00,2017-07-07,07:00,123,5187,5310,0
2017-07-07 07:10:00,2017-07-07,07:10,158,5152,5310,0
2017-07-07 07:20:00,2017-07-07,07:20,200,5110,5310,0
2017-07-07 07:30:00,2017-07-07,07:30,226,5084,5310,0
2017-07-07 07:40:00,2017-07-07,07:40,217,5093,5310,0
2017-07-07 07:50:00,2017-07-07,07:50,255,5055,5310,0
2017-07-07 08:00:00,2017-07-07,08:00,248,5062,5310,0
2017-07-07 08:10:00,2017-07-07,08:10,164,5146,5310,0
2017-07-07 08:20:00,2017-07-07,08:20,184,5126,5310,0
2017-07-07 08:30:00,2017-07-07,08:30,157,5153,5310,0
2017-07-07 08:40:00,2017-07-07,08:40,174,5136,5310,0
2017-07-07 08:50:00,2017-07-07,08:50,170,5140,5310,0
2017-07-07 09:00:00,2017-07-07,09:00,154,5156,5310,0
2017-07-07 09:10:00,2017-07-07,09:10,174,5136,5310,0
2017-07-07 09:20:00,2017-07-07,09:20,135,5175,5310,0
2017-07-07 09:30:00,2017-07-07,09:30,120,5190,5310,0
2017-07-07 09:40:00,2017-07-07,09:40,157,5153,5310,0
2017-07-07 09:50:00,2017-07-07,09:50,131,5179,5310,0
2017-07-07 10:00:00,2017-07-07,10:00,135,5175,5310,0
2017-07-07 10:10:00,2017-07-07,10:10,141,5169,5310,0
2017-07-07 10:20:00,2017-07-07,10:20,158,5152,5310,0
2017-07-07 10:30:00,2017-07-07,10:30,174,5136,5310,0
2017-07-07 10:40:00,2017-07-07,10:40,173,5137,5310,0
2017-07-07 10:50:00,2017-07-07,10:50,184,5126,5310,0
2017-07-07 11:00:00,2017-07-07,11:00,178,5132,5310,0
2017-07-07 11:10:00,2017-07-07,11:10,200,5110,5310,0
2017-07-07 11:20:00,2017-07-07,11:20,204,5106,5310,0
2017-07-07 11:30:00,2017-07-07,11:30,226,5084,5310,0
2017-07-07 11:40:00,2017-07-07,11:40,262,5048,5310,0
2017-07-07 11:50:00,2017-07-07,11:50,272,5038,5310,0
2017-07-07 12:00:00,2017-07-07,12:00,289,5021,5310,0
2017-07-07 12:10:00,2017-07-07,12:10,301,5009,5310,0
2017-07-07 12:20:00,2017-07-07,12:20,293,5017,5310,0
2017-07-07 12:30:00,2017-07-07,12:30,282,5028,5310,0
2017-07-07 12:40:00,2017-07-07,12:40,308,5002,5310,0
2017-07-07 12:50:00,2017-07-07,12:50,301,5009,5310,0
2017-07-07 13:00:00,2017-07-07,13:00,318,4992,5310,0
2017-07-07 13:10:00,2017-07-07,13:10,336,4974,5310,0
2017-07-07 13:20:00,2017-07-07,13:20,315,4995,5310,0
2017-07-07 13:30:00,2017-07-07,13:30,298,5012,5310,0
2017-07-07 13:40:00,2017-07-07,13:40,311,4999,5310,0
2017-07-07 13:50:00,2017-07-07,13:50,291,5019,5310,0
2017-07-07 14:00:00,2017-07-07,14:00,285,5025,5310,0
2017-07-07 14:10:00,2017-07-07,14:10,314,4996,5310,0
2017-07-07 14:20:00,2017-07-07,14:20,283,5027,5310,0
2017-07-07 14:30:00,2017-07-07,14:30,261,5049,5310,0
2017-07-07 14:40:00,2017-07-07,14:40,296,5014,5310,0
2017-07-07 14:50:00,2017-07-07,14:50,323,4987,5310,0
2017-07-07 15:00:00,2017-07-07,15:00,327,4983,5310,0
2017-07-07 15:10:00,2017-07-07,15:10,326,4984,5310,0
2017-07-07 15:20:00,2017-07-07,15:20,321,4989,5310,0
2017-07-07 15:30:00,2017-07-07,15:30,302,5008,5310,0
2017-07-07 15:40:00,2017-07-07,15:40,365,4945,5310,0
2017-07-07 15:50:00,2017-07-07,15:50,368,4942,5310,0
2017-07-07 16:00:00,2017-07-07,16:00,419,4891,5310,0
2017-07-07 16:10:00,2017-07-07,16:10,449,4861,5310,0
2017-07-07 16:20:00,2017-07-07,16:20,475,4835,5310,0
2017-07-07 16:30:00,2017-07-07,16:30,478,4832,5310,0
2017-07-07 16:40:00,2017-07-07,16:40,489,4821,5310,0
2017-07-07 16:50:00,2017-07-07,16:50,544,4766,5310,0
2017-07-07 17:00:00,2017-07-07,17:00,558,4752,5310,0
2017-07-07 17:10:00,2017-07-07,17:10,605,4705,5310,0
2017-07-07 17:20:00,2017-07-07,17:20,583,4727,5310,0
2017-07-07 17:30:00,2017-07-07,17:30,587,4723,5310,0
2017-07-07 17:40:00,2017-07-07,17:40,546,4764,5310,0
2017-07-07 17:50:00,2017-07-07,17:50,504,4806,5310,0
2017-07-07 18:00:00,2017-07-07,18:00,435,4875,5310,0
2017-07-07 18:10:00,2017-07-07,18:10,465,4845,5310,0
2017-07-07 18:20:00,2017-07-07,18:20,473,4837,5310,0
2017-07-07 18:30:00,2017-07-07,18:30,477,4833,5310,0
2017-07-07 18:40:00,2017-07-07,18:40,419,4891,5310,0
2017-07-07 18:50:00,2017-07-07,18:50,401,4909,5310,0
2017-07-07 19:00:00,2017-07-07,19:00,389,4921,5310,0
2017-07-07 19:10:00,2017-07-07,19:10,362,4948,5310,0
2017-07-07 19:20:00,2017-07-07,19:20,333,4977,5310,0
2017-07-07 19:30:00,2017-07-07,19:30,269,5041,5310,0
2017-07-07 19:40:00,2017-07-07,19:40,268,5042,5310,0
2017-07-07 19:50:00,2017-07-07,19:50,257,5053,5310,0
2017-07-07 20:00:00,2017-07-07,20:00,271,5039,5310,0
2017-07-07 20:10:00,2017-07-07,20:10,262,5048,5310,0
2017-07-07 20:20:00,2017-07-07,20:20,229,5081,5310,0
2017-07-07 20:30:00,2017-07-07,20:30,232,5078,5310,0
2017-07-07 20:40:00,2017-07-07,20:40,221,5089,5310,0
2017-07-07 20:50:00,2017-07-07,20:50,210,5100,5310,0
2017-07-07 21:00:00,2017-07-07,21:00,228,5082,5310,0
2017-07-07 21:10:00,2017-07-07,21:10,246,5064,5310,0
2017-07-07 21:20:00,2017-07-07,21:20,189,5121,5310,0
2017-07-07 21:30:00,2017-07-07,21:30,172,5138,5310,0
2017-07-07 21:40:00,2017-07-07,21:40,162,5148,5310,0
2017-07-07 21:50:00,2017-07-07,21:50,137,5173,5310,0
2017-07-07 22:00:00,2017-07-07,22:00,103,5207,5310,0
2017-07-07 22:10:00,2017-07-07,22:10,121,5189,5310,0
2017-07-07 22:20:00,2017-07-07,22:20,114,5196,5310,0
2017-07-07 22:30:00,2017-07-07,22:30,107,5203,5310,0
2017-07-07 22:40:00,2017-07-07,22:40,117,5193,5310,0
2017-07-07 22:50:00,2017-07-07,22:50,94,5216,5310,0
2017-07-07 23:00:00,2017-07-07,23:00,91,5219,5310,0
2017-07-07 23:10:00,2017-07-07,23:10,82,5228,5310,0
2017-07-07 23:20:00,2017-07-07,23:20,78,5232,5310,0
2017-07-07 23:30:00,2017-07-07,23:30,75,5235,5310,0
2017-07-07 23:40:00,2017-07-07,23:40,83,5227,5310,0
2017-07-07 23:50:00,2017-07-07,23:50,85,5225,5310,0
2017-07-08 00:00:00,2017-07-08,00:00,65,5245,5310,0
2017-07-08 00:10:00,2017-07-08,00:10,65,5245,5310,0
2017-07-08 00:20:00,2017-07-08,00:20,78,5232,5310,0
2017-07-08 00:30:00,2017-07-08,00:30,74,5236,5310,0
2017-07-08 00:40:00,2017-07-08,00:40,67,5243,5310,0
2017-07-08 00:50:00,2017-07-08,00:50,74,5236,5310,0
2017-07-08 01:00:00,2017-07-08,01:00,59,5251,5310,0
2017-07-08 01:10:00,2017-07-08,01:10,51,5259,5310,0
2017-07-08 01:20:00,2017-07-08,01:20,45,5265,5310,0
2017-07-08 01:30:00,2017-07-08,01:30,44,5266,5310,0
2017-07-08 01:40:00,2017-07-08,01:40,39,5271,5310,0
2017-07-08 01:50:00,2017-07-08,01:50,40,5270,5310,0
2017-07-08 02:00:00,2017-07-08,02:00,39,5271,5310,0
2017-07-08 02:10:00,2017-07-08,02:10,41,5269,5310,0
2017-07-08 02:20:00,2017-07-08,02:20,31,5279,5310,0
2017-07-08 02:30:00,2017-07-08,02:30,30,5280,5310,0
2017-07-08 02:40:00,2017-07-08,02:40,21,5289,5310,0
2017-07-08 02:50:00,2017-07-08,02:50,24,5286,5310,0
2017-07-08 03:00:00,2017-07-08,03:00,24,5286,5310,0
2017-07-08 03:10:00,2017-07-08,03:10,21,5289,5310,0
2017-07-08 03:20:00,2017-07-08,03:20,21,5289,5310,0
2017-07-08 03:30:00,2017-07-08,03:30,21,5289,5310,0
2017-07-08 03:40:00,2017-07-08,03:40,18,5292,5310,0
2017-07-08 03:50:00,2017-07-08,03:50,15,5295,5310,0
2017-07-08 04:00:00,2017-07-08,04:00,12,5298,5310,0
2017-07-08 04:10:00,2017-07-08,04:10,14,5296,5310,0
2017-07-08 04:20:00,2017-07-08,04:20,17,5293,5310,0
2017-07-08 04:30:00,2017-07-08,04:30,18,5292,5310,0
2017-07-08 04:40:00,2017-07-08,04:40,18,5292,5310,0
2017-07-08 04:50:00,2017-07-08,04:50,18,5292,5310,0
2017-07-08 05:00:00,2017-07-08,05:00,18,5292,5310,0
2017-07-08 05:10:00,2017-07-08,05:10,16,5294,5310,0
2017-07-08 05:20:00,2017-07-08,05:20,17,5293,5310,0
2017-07-08 05:30:00,2017-07-08,05:30,19,5291,5310,0
2017-07-08 05:40:00,2017-07-08,05:40,22,5288,5310,0
2017-07-08 05:50:00,2017-07-08,05:50,27,5283,5310,0
2017-07-08 06:00:00,2017-07-08,06:00,26,5284,5310,0
2017-07-08 06:10:00,2017-07-08,06:10,31,5279,5310,0
2017-07-08 06:20:00,2017-07-08,06:20,33,5277,5310,0
2017-07-08 06:30:00,2017-07-08,06:30,34,5276,5310,0
2017-07-08 06:40:00,2017-07-08,06:40,37,5273,5310,0
2017-07-08 06:50:00,2017-07-08,06:50,53,5257,5310,0
2017-07-08 07:00:00,2017-07-08,07:00,57,5253,5310,0
2017-07-08 07:10:00,2017-07-08,07:10,46,5264,5310,0
2017-07-08 07:20:00,2017-07-08,07:20,60,5250,5310,0
2017-07-08 07:30:00,2017-07-08,07:30,60,5250,5310,0
2017-07-08 07:40:00,2017-07-08,07:40,65,5245,5310,0
2017-07-08 07:50:00,2017-07-08,07:50,91,5219,5310,0
2017-07-08 08:00:00,2017-07-08,08:00,93,5217,5310,0
2017-07-08 08:10:00,2017-07-08,08:10,118,5192,5310,0
2017-07-08 08:20:00,2017-07-08,08:20,126,5184,5310,0
2017-07-08 08:30:00,2017-07-08,08:30,133,5177,5310,0
2017-07-08 08:40:00,2017-07-08,08:40,157,5153,5310,0
2017-07-08 08:50:00,2017-07-08,08:50,173,5137,5310,0
2017-07-08 09:00:00,2017-07-08,09:00,181,5129,5310,0
2017-07-08 09:10:00,2017-07-08,09:10,191,5119,5310,0
2017-07-08 09:20:00,2017-07-08,09:20,231,5079,5310,0
2017-07-08 09:30:00,2017-07-08,09:30,235,5075,5310,0
2017-07-08 09:40:00,2017-07-08,09:40,246,5064,5310,0
2017-07-08 09:50:00,2017-07-08,09:50,288,5022,5310,0
2017-07-08 10:00:00,2017-07-08,10:00,305,5005,5310,0
2017-07-08 10:10:00,2017-07-08,10:10,355,4955,5310,0
2017-07-08 10:20:00,2017-07-08,10:20,380,4930,5310,0
2017-07-08 10:30:00,2017-07-08,10:30,415,4895,5310,0
2017-07-08 10:40:00,2017-07-08,10:40,406,4904,5310,0
2017-07-08 10:50:00,2017-07-08,10:50,466,4844,5310,0
2017-07-08 11:00:00,2017-07-08,11:00,450,4860,5310,0
2017-07-08 11:10:00,2017-07-08,11:10,509,4801,5310,0
2017-07-08 11:20:00,2017-07-08,11:20,549,4761,5310,0
2017-07-08 11:30:00,2017-07-08,11:30,610,4700,5310,0
2017-07-08 11:40:00,2017-07-08,11:40,619,4691,5310,0
2017-07-08 11:50:00,2017-07-08,11:50,642,4668,5310,0
2017-07-08 12:00:00,2017-07-08,12:00,614,4696,5310,0
2017-07-08 12:10:00,2017-07-08,12:10,640,4670,5310,0
2017-07-08 12:20:00,2017-07-08,12:20,650,4660,5310,0
2017-07-08 12:30:00,2017-07-08,12:30,701,4609,5310,0
2017-07-08 12:40:00,2017-07-08,12:40,742,4568,5310,0
2017-07-08 12:50:00,2017-07-08,12:50,729,4581,5310,0
2017-07-08 13:00:00,2017-07-08,13:00,715,4595,5310,0
2017-07-08 13:10:00,2017-07-08,13:10,750,4560,5310,0
2017-07-08 13:20:00,2017-07-08,13:20,767,4543,5310,0
2017-07-08 13:30:00,2017-07-08,13:30,772,4538,5310,0
2017-07-08 13:40:00,2017-07-08,13:40,786,4524,5310,0
2017-07-08 13:50:00,2017-07-08,13:50,764,4546,5310,0
2017-07-08 14:00:00,2017-07-08,14:00,733,4577,5310,0
2017-07-08 14:10:00,2017-07-08,14:10,828,4482,5310,0
2017-07-08 14:20:00,2017-07-08,14:20,828,4482,5310,0
2017-07-08 14:30:00,2017-07-08,14:30,805,4505,5310,0
2017-07-08 14:40:00,2017-07-08,14:40,773,4537,5310,0
2017-07-08 14:50:00,2017-07-08,14:50,781,4529,5310,0
2017-07-08 15:00:00,2017-07-08,15:00,796,4514,5310,0
2017-07-08 15:10:00,2017-07-08,15:10,800,4510,5310,0
2017-07-08 15:20:00,2017-07-08,15:20,794,4516,5310,0
2017-07-08 15:30:00,2017-07-08,15:30,788,4522,5310,0
2017-07-08 15:40:00,2017-07-08,15:40,786,4524,5310,0
2017-07-08 15:50:00,2017-07-08,15:50,806,4504,5310,0
2017-07-08 16:00:00,2017-07-08,16:00,784,4526,5310,0
2017-07-08 16:10:00,2017-07-08,16:10,791,4519,5310,0
2017-07-08 16:20:00,2017-07-08,16:20,759,4551,5310,0
2017-07-08 16:30:00,2017-07-08,16:30,752,4558,5310,0
2017-07-08 16:40:00,2017-07-08,16:40,741,4569,5310,0
2017-07-08 16:50:00,2017-07-08,16:50,768,4542,5310,0
2017-07-08 17:00:00,2017-07-08,17:00,736,4574,5310,0
2017-07-08 17:10:00,2017-07-08,17:10,721,4589,5310,0
2017-07-08 17:20:00,2017-07-08,17:20,753,4557,5310,0
2017-07-08 17:30:00,2017-07-08,17:30,680,4630,5310,0
2017-07-08 17:40:00,2017-07-08,17:40,632,4678,5310,0
2017-07-08 17:50:00,2017-07-08,17:50,585,4725,5310,0
2017-07-08 18:00:00,2017-07-08,18:00,591,4719,5310,0
2017-07-08 18:10:00,2017-07-08,18:10,590,4720,5310,0
2017-07-08 18:20:00,2017-07-08,18:20,576,4734,5310,0
2017-07-08 18:30:00,2017-07-08,18:30,539,4771,5310,0
2017-07-08 18:40:00,2017-07-08,18:40,553,4757,5310,0
2017-07-08 18:50:00,2017-07-08,18:50,541,4769,5310,0
2017-07-08 19:00:00,2017-07-08,19:00,513,4797,5310,0
2017-07-08 19:10:00,2017-07-08,19:10,526,4784,5310,0
2017-07-08 19:20:00,2017-07-08,19:20,522,4788,5310,0
2017-07-08 19:30:00,2017-07-08,19:30,511,4799,5310,0
2017-07-08 19:40:00,2017-07-08,19:40,496,4814,5310,0
2017-07-08 19:50:00,2017-07-08,19:50,462,4848,5310,0
2017-07-08 20:00:00,2017-07-08,20:00,432,4878,5310,0
2017-07-08 20:10:00,2017-07-08,20:10,384,4926,5310,0
2017-07-08 20:20:00,2017-07-08,20:20,346,4964,5310,0
2017-07-08 20:30:00,2017-07-08,20:30,350,4960,5310,0
2017-07-08 20:40:00,2017-07-08,20:40,349,4961,5310,0
2017-07-08 20:50:00,2017-07-08,20:50,330,4980,5310,0
2017-07-08 21:00:00,2017-07-08,21:00,295,5015,5310,0
2017-07-08 21:10:00,2017-07-08,21:10,259,5051,5310,0
2017-07-08 21:20:00,2017-07-08,21:20,261,5049,5310,0
2017-07-08 21:30:00,2017-07-08,21:30,276,5034,5310,0
2017-07-08 21:40:00,2017-07-08,21:40,286,5024,5310,0
2017-07-08 21:50:00,2017-07-08,21:50,249,5061,5310,0
2017-07-08 22:00:00,2017-07-08,22:00,217,5093,5310,0
2017-07-08 22:10:00,2017-07-08,22:10,200,5110,5310,0
2017-07-08 22:20:00,2017-07-08,22:20,234,5076,5310,0
2017-07-08 22:30:00,2017-07-08,22:30,194,5116,5310,0
2017-07-08 22:40:00,2017-07-08,22:40,196,5114,5310,0
2017-07-08 22:50:00,2017-07-08,22:50,193,5117,5310,0
2017-07-08 23:00:00,2017-07-08,23:00,186,5124,5310,0
2017-07-08 23:10:00,2017-07-08,23:10,196,5114,5310,0
2017-07-08 23:20:00,2017-07-08,23:20,183,5127,5310,0
2017-07-08 23:30:00,2017-07-08,23:30,188,5122,5310,0
2017-07-08 23:40:00,2017-07-08,23:40,162,5148,5310,0
2017-07-08 23:50:00,2017-07-08,23:50,160,5150,5310,0
2017-07-09 00:00:00,2017-07-09,00:00,126,5184,5310,0
2017-07-09 00:10:00,2017-07-09,00:10,119,5191,5310,0
2017-07-09 00:20:00,2017-07-09,00:20,128,5182,5310,0
2017-07-09 00:30:00,2017-07-09,00:30,110,5200,5310,0
2017-07-09 00:40:00,2017-07-09,00:40,108,5202,5310,0
2017-07-09 00:50:00,2017-07-09,00:50,109,5201,5310,0
2017-07-09 01:00:00,2017-07-09,01:00,85,5225,5310,0
2017-07-09 01:10:00,2017-07-09,01:10,76,5234,5310,0
2017-07-09 01:20:00,2017-07-09,01:20,72,5238,5310,0
2017-07-09 01:30:00,2017-07-09,01:30,78,5232,5310,0
2017-07-09 01:40:00,2017-07-09,01:40,66,5244,5310,0
2017-07-09 01:50:00,2017-07-09,01:50,68,5242,5310,0
2017-07-09 02:00:00,2017-07-09,02:00,47,5263,5310,0
2017-07-09 02:10:00,2017-07-09,02:10,49,5261,5310,0
2017-07-09 02:20:00,2017-07-09,02:20,46,5264,5310,0
2017-07-09 02:30:00,2017-07-09,02:30,40,5270,5310,0
2017-07-09 02:40:00,2017-07-09,02:40,49,5261,5310,0
2017-07-09 02:50:00,2017-07-09,02:50,54,5256,5310,0
2017-07-09 03:00:00,2017-07-09,03:00,39,5271,5310,0
2017-07-09 03:10:00,2017-07-09,03:10,44,5266,5310,0
2017-07-09 03:20:00,2017-07-09,03:20,45,5265,5310,0
2017-07-09 03:30:00,2017-07-09,03:30,42,5268,5310,0
2017-07-09 03:40:00,2017-07-09,03:40,35,5275,5310,0
2017-07-09 03:50:00,2017-07-09,03:50,31,5279,5310,0
2017-07-09 04:00:00,2017-07-09,04:00,27,5283,5310,0
2017-07-09 04:10:00,2017-07-09,04:10,26,5284,5310,0
2017-07-09 04:20:00,2017-07-09,04:20,26,5284,5310,0
2017-07-09 04:30:00,2017-07-09,04:30,22,5288,5310,0
2017-07-09 04:40:00,2017-07-09,04:40,21,5289,5310,0
2017-07-09 04:50:00,2017-07-09,04:50,17,5293,5310,0
2017-07-09 05:00:00,2017-07-09,05:00,18,5292,5310,0
2017-07-09 05:10:00,2017-07-09,05:10,19,5291,5310,0
2017-07-09 05:20:00,2017-07-09,05:20,23,5287,5310,0
2017-07-09 05:30:00,2017-07-09,05:30,23,5287,5310,0
2017-07-09 05:40:00,2017-07-09,05:40,26,5284,5310,0
2017-07-09 05:50:00,2017-07-09,05:50,34,5276,5310,0
2017-07-09 06:00:00,2017-07-09,06:00,32,5278,5310,0
2017-07-09 06:10:00,2017-07-09,06:10,40,5270,5310,0
2017-07-09 06:20:00,2017-07-09,06:20,41,5269,5310,0
2017-07-09 06:30:00,2017-07-09,06:30,35,5275,5310,0
2017-07-09 06:40:00,2017-07-09,06:40,31,5279,5310,0
2017-07-09 06:50:00,2017-07-09,06:50,33,5277,5310,0
2017-07-09 07:00:00,2017-07-09,07:00,29,5281,5310,0
2017-07-09 07:10:00,2017-07-09,07:10,32,5278,5310,0
2017-07-09 07:20:00,2017-07-09,07:20,49,5261,5310,0
2017-07-09 07:30:00,2017-07-09,07:30,51,5259,5310,0
2017-07-09 07:40:00,2017-07-09,07:40,56,5254,5310,0
2017-07-09 07:50:00,2017-07-09,07:50,68,5242,5310,0
2017-07-09 08:00:00,2017-07-09,08:00,83,5227,5310,0
2017-07-09 08:10:00,2017-07-09,08:10,87,5223,5310,0
2017-07-09 08:20:00,2017-07-09,08:20,102,5208,5310,0
2017-07-09 08:30:00,2017-07-09,08:30,104,5206,5310,0
2017-07-09 08:40:00,2017-07-09,08:40,117,5193,5310,0
2017-07-09 08:50:00,2017-07-09,08:50,144,5166,5310,0
2017-07-09 09:00:00,2017-07-09,09:00,139,5171,5310,0
2017-07-09 09:10:00,2017-07-09,09:10,176,5134,5310,0
2017-07-09 09:20:00,2017-07-09,09:20,189,5121,5310,0
2017-07-09 09:30:00,2017-07-09,09:30,220,5090,5310,0
2017-07-09 09:40:00,2017-07-09,09:40,242,5068,5310,0
2017-07-09 09:50:00,2017-07-09,09:50,268,5042,5310,0
2017-07-09 10:00:00,2017-07-09,10:00,242,5068,5310,0
2017-07-09 10:10:00,2017-07-09,10:10,261,5049,5310,0
2017-07-09 10:20:00,2017-07-09,10:20,295,5015,5310,0
2017-07-09 10:30:00,2017-07-09,10:30,334,4976,5310,0
2017-07-09 10:40:00,2017-07-09,10:40,349,4961,5310,0
2017-07-09 10:50:00,2017-07-09,10:50,386,4924,5310,0
2017-07-09 11:00:00,2017-07-09,11:00,379,4931,5310,0
2017-07-09 11:10:00,2017-07-09,11:10,391,4919,5310,0
2017-07-09 11:20:00,2017-07-09,11:20,421,4889,5310,0
2017-07-09 11:30:00,2017-07-09,11:30,455,4855,5310,0
2017-07-09 11:40:00,2017-07-09,11:40,454,4856,5310,0
2017-07-09 11:50:00,2017-07-09,11:50,472,4838,5310,0
2017-07-09 12:00:00,2017-07-09,12:00,494,4816,5310,0
2017-07-09 12:10:00,2017-07-09,12:10,511,4799,5310,0
2017-07-09 12:20:00,2017-07-09,12:20,549,4761,5310,0
2017-07-09 12:30:00,2017-07-09,12:30,542,4768,5310,0
2017-07-09 12:40:00,2017-07-09,12:40,557,4753,5310,0
2017-07-09 12:50:00,2017-07-09,12:50,576,4734,5310,0
2017-07-09 13:00:00,2017-07-09,13:00,582,4728,5310,0
2017-07-09 13:10:00,2017-07-09,13:10,541,4769,5310,0
2017-07-09 13:20:00,2017-07-09,13:20,574,4736,5310,0
2017-07-09 13:30:00,2017-07-09,13:30,592,4718,5310,0
2017-07-09 13:40:00,2017-07-09,13:40,565,4745,5310,0
2017-07-09 13:50:00,2017-07-09,13:50,551,4759,5310,0
2017-07-09 14:00:00,2017-07-09,14:00,568,4742,5310,0
2017-07-09 14:10:00,2017-07-09,14:10,608,4702,5310,0
2017-07-09 14:20:00,2017-07-09,14:20,638,4672,5310,0
2017-07-09 14:30:00,2017-07-09,14:30,635,4675,5310,0
2017-07-09 14:40:00,2017-07-09,14:40,716,4594,5310,0
2017-07-09 14:50:00,2017-07-09,14:50,707,4603,5310,0
2017-07-09 15:00:00,2017-07-09,15:00,670,4640,5310,0
2017-07-09 15:10:00,2017-07-09,15:10,678,4632,5310,0
2017-07-09 15:20:00,2017-07-09,15:20,699,4611,5310,0
2017-07-09 15:30:00,2017-07-09,15:30,687,4623,5310,0
2017-07-09 15:40:00,2017-07-09,15:40,684,4626,5310,0
2017-07-09 15:50:00,2017-07-09,15:50,673,4637,5310,0
2017-07-09 16:00:00,2017-07-09,16:00,639,4671,5310,0
2017-07-09 16:10:00,2017-07-09,16:10,636,4674,5310,0
2017-07-09 16:20:00,2017-07-09,16:20,628,4682,5310,0
2017-07-09 16:30:00,2017-07-09,16:30,619,4691,5310,0
2017-07-09 16:40:00,2017-07-09,16:40,643,4667,5310,0
2017-07-09 16:50:00,2017-07-09,16:50,633,4677,5310,0
2017-07-09 17:00:00,2017-07-09,17:00,641,4669,5310,0
2017-07-09 17:10:00,2017-07-09,17:10,607,4703,5310,0
2017-07-09 17:20:00,2017-07-09,17:20,627,4683,5310,0
2017-07-09 17:30:00,2017-07-09,17:30,585,4725,5310,0
2017-07-09 17:40:00,2017-07-09,17:40,539,4771,5310,0
2017-07-09 17:50:00,2017-07-09,17:50,519,4791,5310,0
2017-07-09 18:00:00,2017-07-09,18:00,515,4795,5310,0
2017-07-09 18:10:00,2017-07-09,18:10,492,4818,5310,0
2017-07-09 18:20:00,2017-07-09,18:20,526,4784,5310,0
2017-07-09 18:30:00,2017-07-09,18:30,505,4805,5310,0
2017-07-09 18:40:00,2017-07-09,18:40,491,4819,5310,0
2017-07-09 18:50:00,2017-07-09,18:50,447,4863,5310,0
2017-07-09 19:00:00,2017-07-09,19:00,406,4904,5310,0
2017-07-09 19:10:00,2017-07-09,19:10,410,4900,5310,0
2017-07-09 19:20:00,2017-07-09,19:20,381,4929,5310,0
2017-07-09 19:30:00,2017-07-09,19:30,399,4911,5310,0
2017-07-09 19:40:00,2017-07-09,19:40,383,4927,5310,0
2017-07-09 19:50:00,2017-07-09,19:50,381,4929,5310,0
2017-07-09 20:00:00,2017-07-09,20:00,352,4958,5310,0
2017-07-09 20:10:00,2017-07-09,20:10,375,4935,5310,0
2017-07-09 20:20:00,2017-07-09,20:20,340,4970,5310,0
2017-07-09 20:30:00,2017-07-09,20:30,294,5016,5310,0
2017-07-09 20:40:00,2017-07-09,20:40,285,5025,5310,0
2017-07-09 20:50:00,2017-07-09,20:50,262,5048,5310,0
2017-07-09 21:00:00,2017-07-09,21:00,256,5054,5310,0
2017-07-09 21:10:00,2017-07-09,21:10,222,5088,5310,0
2017-07-09 21:20:00,2017-07-09,21:20,220,5090,5310,0
2017-07-09 21:30:00,2017-07-09,21:30,186,5124,5310,0
2017-07-09 21:40:00,2017-07-09,21:40,171,5139,5310,0
2017-07-09 21:50:00,2017-07-09,21:50,175,5135,5310,0
2017-07-09 22:00:00,2017-07-09,22:00,159,5151,5310,0
2017-07-09 22:10:00,2017-07-09,22:10,140,5170,5310,0
2017-07-09 22:20:00,2017-07-09,22:20,120,5190,5310,0
2017-07-09 22:30:00,2017-07-09,22:30,105,5205,5310,0
2017-07-09 22:40:00,2017-07-09,22:40,97,5213,5310,0
2017-07-09 22:50:00,2017-07-09,22:50,94,5216,5310,0
2017-07-09 23:00:00,2017-07-09,23:00,100,5210,5310,0
2017-07-09 23:10:00,2017-07-09,23:10,97,5213,5310,0
2017-07-09 23:20:00,2017-07-09,23:20,92,5218,5310,0
2017-07-09 23:30:00,2017-07-09,23:30,77,5233,5310,0
2017-07-09 23:40:00,2017-07-09,23:40,66,5244,5310,0
2017-07-09 23:50:00,2017-07-09,23:50,49,5261,5310,0
2017-07-10 00:00:00,2017-07-10,00:00,37,5273,5310,0
2017-07-10 00:10:00,2017-07-10,00:10,48,5262,5310,0
2017-07-10 00:20:00,2017-07-10,00:20,43,5267,5310,0
2017-07-10 00:30:00,2017-07-10,00:30,42,5268,5310,0
2017-07-10 00:40:00,2017-07-10,00:40,30,5280,5310,0
2017-07-10 00:50:00,2017-07-10,00:50,38,5272,5310,0
2017-07-10 01:00:00,2017-07-10,01:00,31,5279,5310,0
2017-07-10 01:10:00,2017-07-10,01:10,28,5282,5310,0
2017-07-10 01:20:00,2017-07-10,01:20,15,5295,5310,0
2017-07-10 01:30:00,2017-07-10,01:30,16,5294,5310,0
2017-07-10 01:40:00,2017-07-10,01:40,21,5289,5310,0
2017-07-10 01:50:00,2017-07-10,01:50,22,5288,5310,0
2017-07-10 02:00:00,2017-07-10,02:00,17,5293,5310,0
2017-07-10 02:10:00,2017-07-10,02:10,22,5288,5310,0
2017-07-10 02:20:00,2017-07-10,02:20,24,5286,5310,0
2017-07-10 02:30:00,2017-07-10,02:30,16,5294,5310,0
2017-07-10 02:40:00,2017-07-10,02:40,9,5301,5310,0
2017-07-10 02:50:00,2017-07-10,02:50,10,5300,5310,0
2017-07-10 03:00:00,2017-07-10,03:00,8,5302,5310,0
2017-07-10 03:10:00,2017-07-10,03:10,8,5302,5310,0
2017-07-10 03:20:00,2017-07-10,03:20,7,5303,5310,0
2017-07-10 03:30:00,2017-07-10,03:30,7,5303,5310,0
2017-07-10 03:40:00,2017-07-10,03:40,11,5299,5310,0
2017-07-10 03:50:00,2017-07-10,03:50,9,5301,5310,0
2017-07-10 04:00:00,2017-07-10,04:00,9,5301,5310,0
2017-07-10 04:10:00,2017-07-10,04:10,11,5299,5310,0
2017-07-10 04:20:00,2017-07-10,04:20,10,5300,5310,0
2017-07-10 04:30:00,2017-07-10,04:30,8,5302,5310,0
2017-07-10 04:40:00,2017-07-10,04:40,8,5302,5310,0
2017-07-10 04:50:00,2017-07-10,04:50,13,5297,5310,0
2017-07-10 05:00:00,2017-07-10,05:00,8,5302,5310,0
2017-07-10 05:10:00,2017-07-10,05:10,9,5301,5310,0
2017-07-10 05:20:00,2017-07-10,05:20,9,5301,5310,0
2017-07-10 05:30:00,2017-07-10,05:30,14,5296,5310,0
2017-07-10 05:40:00,2017-07-10,05:40,13,5297,5310,0
2017-07-10 05:50:00,2017-07-10,05:50,16,5294,5310,0
2017-07-10 06:00:00,2017-07-10,06:00,11,5299,5310,0
2017-07-10 06:10:00,2017-07-10,06:10,12,5298,5310,0
2017-07-10 06:20:00,2017-07-10,06:20,18,5292,5310,0
2017-07-10 06:30:00,2017-07-10,06:30,12,5298,5310,0
2017-07-10 06:40:00,2017-07-10,06:40,12,5298,5310,0
2017-07-10 06:50:00,2017-07-10,06:50,16,5294,5310,0
2017-07-10 07:00:00,2017-07-10,07:00,15,5295,5310,0
2017-07-10 07:10:00,2017-07-10,07:10,21,5289,5310,0
2017-07-10 07:20:00,2017-07-10,07:20,23,5287,5310,0
2017-07-10 07:30:00,2017-07-10,07:30,29,5281,5310,0
2017-07-10 07:40:00,2017-07-10,07:40,26,5284,5310,0
2017-07-10 07:50:00,2017-07-10,07:50,36,5274,5310,0
2017-07-10 08:00:00,2017-07-10,08:00,33,5277,5310,0
2017-07-10 08:10:00,2017-07-10,08:10,74,5236,5310,0
2017-07-10 08:20:00,2017-07-10,08:20,101,5209,5310,0
2017-07-10 08:30:00,2017-07-10,08:30,134,5176,5310,0
2017-07-10 08:40:00,2017-07-10,08:40,171,5139,5310,0
2017-07-10 08:50:00,2017-07-10,08:50,183,5127,5310,0
2017-07-10 09:00:00,2017-07-10,09:00,158,5152,5310,0
2017-07-10 09:10:00,2017-07-10,09:10,145,5165,5310,0
2017-07-10 09:20:00,2017-07-10,09:20,135,5175,5310,0
2017-07-10 09:30:00,2017-07-10,09:30,120,5190,5310,0
2017-07-10 09:40:00,2017-07-10,09:40,98,5212,5310,0
2017-07-10 09:50:00,2017-07-10,09:50,95,5215,5310,0
2017-07-10 10:00:00,2017-07-10,10:00,86,5224,5310,0
2017-07-10 10:10:00,2017-07-10,10:10,111,5199,5310,0
2017-07-10 10:20:00,2017-07-10,10:20,108,5202,5310,0
2017-07-10 10:30:00,2017-07-10,10:30,105,5205,5310,0
2017-07-10 10:40:00,2017-07-10,10:40,105,5205,5310,0
2017-07-10 10:50:00,2017-07-10,10:50,118,5192,5310,0
2017-07-10 11:00:00,2017-07-10,11:00,111,5199,5310,0
2017-07-10 11:10:00,2017-07-10,11:10,139,5171,5310,0
2017-07-10 11:20:00,2017-07-10,11:20,139,5171,5310,0
2017-07-10 11:30:00,2017-07-10,11:30,139,5171,5310,0
2017-07-10 11:40:00,2017-07-10,11:40,173,5137,5310,0
2017-07-10 11:50:00,2017-07-10,11:50,178,5132,5310,0
2017-07-10 12:00:00,2017-07-10,12:00,197,5113,5310,0
2017-07-10 12:10:00,2017-07-10,12:10,202,5108,5310,0
2017-07-10 12:20:00,2017-07-10,12:20,205,5105,5310,0
2017-07-10 12:30:00,2017-07-10,12:30,195,5115,5310,0
2017-07-10 12:40:00,2017-07-10,12:40,206,5104,5310,0
2017-07-10 12:50:00,2017-07-10,12:50,194,5116,5310,0
2017-07-10 13:00:00,2017-07-10,13:00,183,5127,5310,0
2017-07-10 13:10:00,2017-07-10,13:10,186,5124,5310,0
2017-07-10 13:20:00,2017-07-10,13:20,196,5114,5310,0
2017-07-10 13:30:00,2017-07-10,13:30,197,5113,5310,0
2017-07-10 13:40:00,2017-07-10,13:40,204,5106,5310,0
2017-07-10 13:50:00,2017-07-10,13:50,228,5082,5310,0
2017-07-10 14:00:00,2017-07-10,14:00,186,5124,5310,0
2017-07-10 14:10:00,2017-07-10,14:10,183,5127,5310,0
2017-07-10 14:20:00,2017-07-10,14:20,223,5087,5310,0
2017-07-10 14:30:00,2017-07-10,14:30,223,5087,5310,0
2017-07-10 14:40:00,2017-07-10,14:40,233,5077,5310,0
2017-07-10 14:50:00,2017-07-10,14:50,229,5081,5310,0
2017-07-10 15:00:00,2017-07-10,15:00,228,5082,5310,0
2017-07-10 15:10:00,2017-07-10,15:10,219,5091,5310,0
2017-07-10 15:20:00,2017-07-10,15:20,217,5093,5310,0
2017-07-10 15:30:00,2017-07-10,15:30,210,5100,5310,0
2017-07-10 15:40:00,2017-07-10,15:40,210,5100,5310,0
2017-07-10 15:50:00,2017-07-10,15:50,170,5140,5310,0
2017-07-10 16:00:00,2017-07-10,16:00,189,5121,5310,0
2017-07-10 16:10:00,2017-07-10,16:10,163,5147,5310,0
2017-07-10 16:20:00,2017-07-10,16:20,209,5101,5310,0
2017-07-10 16:30:00,2017-07-10,16:30,219,5091,5310,0
2017-07-10 16:40:00,2017-07-10,16:40,227,5083,5310,0
2017-07-10 16:50:00,2017-07-10,16:50,293,5017,5310,0
2017-07-10 17:00:00,2017-07-10,17:00,370,4940,5310,0
2017-07-10 17:10:00,2017-07-10,17:10,505,4805,5310,0
2017-07-10 17:20:00,2017-07-10,17:20,536,4774,5310,0
2017-07-10 17:30:00,2017-07-10,17:30,513,4797,5310,0
2017-07-10 17:40:00,2017-07-10,17:40,483,4827,5310,0
2017-07-10 17:50:00,2017-07-10,17:50,464,4846,5310,0
2017-07-10 18:00:00,2017-07-10,18:00,463,4847,5310,0
2017-07-10 18:10:00,2017-07-10,18:10,406,4904,5310,0
2017-07-10 18:20:00,2017-07-10,18:20,400,4910,5310,0
2017-07-10 18:30:00,2017-07-10,18:30,360,4950,5310,0
2017-07-10 18:40:00,2017-07-10,18:40,305,5005,5310,0
2017-07-10 18:50:00,2017-07-10,18:50,292,5018,5310,0
2017-07-10 19:00:00,2017-07-10,19:00,309,5001,5310,0
2017-07-10 19:10:00,2017-07-10,19:10,282,5028,5310,0
2017-07-10 19:20:00,2017-07-10,19:20,287,5023,5310,0
2017-07-10 19:30:00,2017-07-10,19:30,241,5069,5310,0
2017-07-10 19:40:00,2017-07-10,19:40,245,5065,5310,0
2017-07-10 19:50:00,2017-07-10,19:50,237,5073,5310,0
2017-07-10 20:00:00,2017-07-10,20:00,207,5103,5310,0
2017-07-10 20:10:00,2017-07-10,20:10,204,5106,5310,0
2017-07-10 20:20:00,2017-07-10,20:20,216,5094,5310,0
2017-07-10 20:30:00,2017-07-10,20:30,191,5119,5310,0
2017-07-10 20:40:00,2017-07-10,20:40,173,5137,5310,0
2017-07-10 20:50:00,2017-07-10,20:50,159,5151,5310,0
2017-07-10 21:00:00,2017-07-10,21:00,152,5158,5310,0
2017-07-10 21:10:00,2017-07-10,21:10,157,5153,5310,0
2017-07-10 21:20:00,2017-07-10,21:20,146,5164,5310,0
2017-07-10 21:30:00,2017-07-10,21:30,128,5182,5310,0
2017-07-10 21:40:00,2017-07-10,21:40,114,5196,5310,0
2017-07-10 21:50:00,2017-07-10,21:50,119,5191,5310,0
2017-07-10 22:00:00,2017-07-10,22:00,110,5200,5310,0
2017-07-10 22:10:00,2017-07-10,22:10,82,5228,5310,0
2017-07-10 22:20:00,2017-07-10,22:20,79,5231,5310,0
2017-07-10 22:30:00,2017-07-10,22:30,76,5234,5310,0
2017-07-10 22:40:00,2017-07-10,22:40,62,5248,5310,0
2017-07-10 22:50:00,2017-07-10,22:50,69,5241,5310,0
2017-07-10 23:00:00,2017-07-10,23:00,70,5240,5310,0
2017-07-10 23:10:00,2017-07-10,23:10,57,5253,5310,0
2017-07-10 23:20:00,2017-07-10,23:20,50,5260,5310,0
2017-07-10 23:30:00,2017-07-10,23:30,46,5264,5310,0
2017-07-10 23:40:00,2017-07-10,23:40,40,5270,5310,0
2017-07-10 23:50:00,2017-07-10,23:50,36,5274,5310,0
2017-07-11 00:00:00,2017-07-11,00:00,29,5281,5310,0
2017-07-11 00:10:00,2017-07-11,00:10,24,5286,5310,0
2017-07-11 00:20:00,2017-07-11,00:20,29,5281,5310,0
2017-07-11 00:30:00,2017-07-11,00:30,21,5289,5310,0
2017-07-11 00:40:00,2017-07-11,00:40,20,5290,5310,0
2017-07-11 00:50:00,2017-07-11,00:50,13,5297,5310,0
2017-07-11 01:00:00,2017-07-11,01:00,15,5295,5310,0
2017-07-11 01:10:00,2017-07-11,01:10,9,5301,5310,0
2017-07-11 01:20:00,2017-07-11,01:20,7,5303,5310,0
2017-07-11 01:30:00,2017-07-11,01:30,6,5304,5310,0
2017-07-11 01:40:00,2017-07-11,01:40,12,5298,5310,0
2017-07-11 01:50:00,2017-07-11,01:50,13,5297,5310,0
2017-07-11 02:00:00,2017-07-11,02:00,16,5294,5310,0
2017-07-11 02:10:00,2017-07-11,02:10,10,5300,5310,0
2017-07-11 02:20:00,2017-07-11,02:20,9,5301,5310,0
2017-07-11 02:30:00,2017-07-11,02:30,5,5305,5310,0
2017-07-11 02:40:00,2017-07-11,02:40,6,5304,5310,0
2017-07-11 02:50:00,2017-07-11,02:50,5,5305,5310,0
2017-07-11 03:00:00,2017-07-11,03:00,6,5304,5310,0
2017-07-11 03:10:00,2017-07-11,03:10,5,5305,5310,0
2017-07-11 03:20:00,2017-07-11,03:20,6,5304,5310,0
2017-07-11 03:30:00,2017-07-11,03:30,4,5306,5310,0
2017-07-11 03:40:00,2017-07-11,03:40,5,5305,5310,0
2017-07-11 03:50:00,2017-07-11,03:50,10,5300,5310,0
2017-07-11 04:00:00,2017-07-11,04:00,5,5305,5310,0
2017-07-11 04:10:00,2017-07-11,04:10,5,5305,5310,0
2017-07-11 04:20:00,2017-07-11,04:20,6,5304,5310,0
2017-07-11 04:30:00,2017-07-11,04:30,5,5305,5310,0
2017-07-11 04:40:00,2017-07-11,04:40,6,5304,5310,0
2017-07-11 04:50:00,2017-07-11,04:50,9,5301,5310,0
2017-07-11 05:00:00,2017-07-11,05:00,12,5298,5310,0
2017-07-11 05:10:00,2017-07-11,05:10,14,5296,5310,0
2017-07-11 05:20:00,2017-07-11,05:20,15,5295,5310,0
2017-07-11 05:30:00,2017-07-11,05:30,31,5279,5310,0
2017-07-11 05:40:00,2017-07-11,05:40,46,5264,5310,0
2017-07-11 05:50:00,2017-07-11,05:50,69,5241,5310,0
2017-07-11 06:00:00,2017-07-11,06:00,56,5254,5310,0
2017-07-11 06:10:00,2017-07-11,06:10,72,5238,5310,0
2017-07-11 06:20:00,2017-07-11,06:20,105,5205,5310,0
2017-07-11 06:30:00,2017-07-11,06:30,89,5221,5310,0
2017-07-11 06:40:00,2017-07-11,06:40,125,5185,5310,0
2017-07-11 06:50:00,2017-07-11,06:50,137,5173,5310,0
2017-07-11 07:00:00,2017-07-11,07:00,140,5170,5310,0
2017-07-11 07:10:00,2017-07-11,07:10,164,5146,5310,0
2017-07-11 07:20:00,2017-07-11,07:20,211,5099,5310,0
2017-07-11 07:30:00,2017-07-11,07:30,236,5074,5310,0
2017-07-11 07:40:00,2017-07-11,07:40,286,5024,5310,0
2017-07-11 07:50:00,2017-07-11,07:50,317,4993,5310,0
2017-07-11 08:00:00,2017-07-11,08:00,325,4985,5310,0
2017-07-11 08:10:00,2017-07-11,08:10,308,5002,5310,0
2017-07-11 08:20:00,2017-07-11,08:20,371,4939,5310,0
2017-07-11 08:30:00,2017-07-11,08:30,312,4998,5310,0
2017-07-11 08:40:00,2017-07-11,08:40,362,4948,5310,0
2017-07-11 08:50:00,2017-07-11,08:50,336,4974,5310,0
2017-07-11 09:00:00,2017-07-11,09:00,256,5054,5310,0
2017-07-11 09:10:00,2017-07-11,09:10,214,5096,5310,0
2017-07-11 09:20:00,2017-07-11,09:20,170,5140,5310,0
2017-07-11 09:30:00,2017-07-11,09:30,148,5162,5310,0
2017-07-11 09:40:00,2017-07-11,09:40,144,5166,5310,0
2017-07-11 09:50:00,2017-07-11,09:50,128,5182,5310,0
2017-07-11 10:00:00,2017-07-11,10:00,106,5204,5310,0
2017-07-11 10:10:00,2017-07-11,10:10,106,5204,5310,0
2017-07-11 10:20:00,2017-07-11,10:20,137,5173,5310,0
2017-07-11 10:30:00,2017-07-11,10:30,152,5158,5310,0
2017-07-11 10:40:00,2017-07-11,10:40,146,5164,5310,0
2017-07-11 10:50:00,2017-07-11,10:50,162,5148,5310,0
2017-07-11 11:00:00,2017-07-11,11:00,154,5156,5310,0
2017-07-11 11:10:00,2017-07-11,11:10,187,5123,5310,0
2017-07-11 11:20:00,2017-07-11,11:20,199,5111,5310,0
2017-07-11 11:30:00,2017-07-11,11:30,200,5110,5310,0
2017-07-11 11:40:00,2017-07-11,11:40,185,5125,5310,0
2017-07-11 11:50:00,2017-07-11,11:50,185,5125,5310,0
2017-07-11 12:00:00,2017-07-11,12:00,186,5124,5310,0
2017-07-11 12:10:00,2017-07-11,12:10,198,5112,5310,0
2017-07-11 12:20:00,2017-07-11,12:20,174,5136,5310,0
2017-07-11 12:30:00,2017-07-11,12:30,192,5118,5310,0
2017-07-11 12:40:00,2017-07-11,12:40,197,5113,5310,0
2017-07-11 12:50:00,2017-07-11,12:50,223,5087,5310,0
2017-07-11 13:00:00,2017-07-11,13:00,223,5087,5310,0
2017-07-11 13:10:00,2017-07-11,13:10,211,5099,5310,0
2017-07-11 13:20:00,2017-07-11,13:20,235,5075,5310,0
2017-07-11 13:30:00,2017-07-11,13:30,238,5072,5310,0
2017-07-11 13:40:00,2017-07-11,13:40,226,5084,5310,0
2017-07-11 13:50:00,2017-07-11,13:50,221,5089,5310,0
2017-07-11 14:00:00,2017-07-11,14:00,223,5087,5310,0
2017-07-11 14:10:00,2017-07-11,14:10,239,5071,5310,0
2017-07-11 14:20:00,2017-07-11,14:20,221,5089,5310,0
2017-07-11 14:30:00,2017-07-11,14:30,237,5073,5310,0
2017-07-11 14:40:00,2017-07-11,14:40,243,5067,5310,0
2017-07-11 14:50:00,2017-07-11,14:50,240,5070,5310,0
2017-07-11 15:00:00,2017-07-11,15:00,234,5076,5310,0
2017-07-11 15:10:00,2017-07-11,15:10,253,5057,5310,0
2017-07-11 15:20:00,2017-07-11,15:20,248,5062,5310,0
2017-07-11 15:30:00,2017-07-11,15:30,243,5067,5310,0
2017-07-11 15:40:00,2017-07-11,15:40,250,5060,5310,0
2017-07-11 15:50:00,2017-07-11,15:50,240,5070,5310,0
2017-07-11 16:00:00,2017-07-11,16:00,244,5066,5310,0
2017-07-11 16:10:00,2017-07-11,16:10,305,5005,5310,0
2017-07-11 16:20:00,2017-07-11,16:20,336,4974,5310,0
2017-07-11 16:30:00,2017-07-11,16:30,315,4995,5310,0
2017-07-11 16:40:00,2017-07-11,16:40,344,4966,5310,0
2017-07-11 16:50:00,2017-07-11,16:50,392,4918,5310,0
2017-07-11 17:00:00,2017-07-11,17:00,362,4948,5310,0
2017-07-11 17:10:00,2017-07-11,17:10,496,4814,5310,0
2017-07-11 17:20:00,2017-07-11,17:20,592,4718,5310,0
2017-07-11 17:30:00,2017-07-11,17:30,556,4754,5310,0
2017-07-11 17:40:00,2017-07-11,17:40,559,4751,5310,0
2017-07-11 17:50:00,2017-07-11,17:50,485,4825,5310,0
2017-07-11 18:00:00,2017-07-11,18:00,479,4831,5310,0
2017-07-11 18:10:00,2017-07-11,18:10,474,4836,5310,0
2017-07-11 18:20:00,2017-07-11,18:20,431,4879,5310,0
2017-07-11 18:30:00,2017-07-11,18:30,422,4888,5310,0
2017-07-11 18:40:00,2017-07-11,18:40,378,4932,5310,0
2017-07-11 18:50:00,2017-07-11,18:50,341,4969,5310,0
2017-07-11 19:00:00,2017-07-11,19:00,314,4996,5310,0
2017-07-11 19:10:00,2017-07-11,19:10,349,4961,5310,0
2017-07-11 19:20:00,2017-07-11,19:20,326,4984,5310,0
2017-07-11 19:30:00,2017-07-11,19:30,291,5019,5310,0
2017-07-11 19:40:00,2017-07-11,19:40,287,5023,5310,0
2017-07-11 19:50:00,2017-07-11,19:50,279,5031,5310,0
2017-07-11 20:00:00,2017-07-11,20:00,283,5027,5310,0
2017-07-11 20:10:00,2017-07-11,20:10,259,5051,5310,0
2017-07-11 20:20:00,2017-07-11,20:20,260,5050,5310,0
2017-07-11 20:30:00,2017-07-11,20:30,246,5064,5310,0
2017-07-11 20:40:00,2017-07-11,20:40,249,5061,5310,0
2017-07-11 20:50:00,2017-07-11,20:50,219,5091,5310,0
2017-07-11 21:00:00,2017-07-11,21:00,194,5116,5310,0
2017-07-11 21:10:00,2017-07-11,21:10,185,5125,5310,0
2017-07-11 21:20:00,2017-07-11,21:20,198,5112,5310,0
2017-07-11 21:30:00,2017-07-11,21:30,171,5139,5310,0
2017-07-11 21:40:00,2017-07-11,21:40,165,5145,5310,0
2017-07-11 21:50:00,2017-07-11,21:50,139,5171,5310,0
2017-07-11 22:00:00,2017-07-11,22:00,115,5195,5310,0
2017-07-11 22:10:00,2017-07-11,22:10,114,5196,5310,0
2017-07-11 22:20:00,2017-07-11,22:20,99,5211,5310,0
2017-07-11 22:30:00,2017-07-11,22:30,80,5230,5310,0
2017-07-11 22:40:00,2017-07-11,22:40,54,5256,5310,0
2017-07-11 22:50:00,2017-07-11,22:50,35,5275,5310,0
2017-07-11 23:00:00,2017-07-11,23:00,25,5285,5310,0
2017-07-11 23:10:00,2017-07-11,23:10,28,5282,5310,0
2017-07-11 23:20:00,2017-07-11,23:20,19,5291,5310,0
2017-07-11 23:30:00,2017-07-11,23:30,30,5280,5310,0
2017-07-11 23:40:00,2017-07-11,23:40,17,5293,5310,0
2017-07-11 23:50:00,2017-07-11,23:50,10,5300,5310,0
2017-07-12 00:00:00,2017-07-12,00:00,13,5297,5310,0
2017-07-12 00:10:00,2017-07-12,00:10,16,5294,5310,0
2017-07-12 00:20:00,2017-07-12,00:20,8,5302,5310,0
2017-07-12 00:30:00,2017-07-12,00:30,9,5301,5310,0
2017-07-12 00:40:00,2017-07-12,00:40,5,5305,5310,0
2017-07-12 00:50:00,2017-07-12,00:50,7,5303,5310,0
2017-07-12 01:00:00,2017-07-12,01:00,4,5306,5310,0
2017-07-12 01:10:00,2017-07-12,01:10,4,5306,5310,0
2017-07-12 01:20:00,2017-07-12,01:20,3,5307,5310,0
2017-07-12 01:30:00,2017-07-12,01:30,4,5306,5310,0
2017-07-12 01:40:00,2017-07-12,01:40,5,5305,5310,0
2017-07-12 01:50:00,2017-07-12,01:50,7,5303,5310,0
2017-07-12 02:00:00,2017-07-12,02:00,6,5304,5310,0
2017-07-12 02:10:00,2017-07-12,02:10,7,5303,5310,0
2017-07-12 02:20:00,2017-07-12,02:20,2,5308,5310,0
2017-07-12 02:30:00,2017-07-12,02:30,2,5308,5310,0
2017-07-12 02:40:00,2017-07-12,02:40,2,5308,5310,0
2017-07-12 02:50:00,2017-07-12,02:50,3,5307,5310,0
2017-07-12 03:00:00,2017-07-12,03:00,2,5308,5310,0
2017-07-12 03:10:00,2017-07-12,03:10,2,5308,5310,0
2017-07-12 03:20:00,2017-07-12,03:20,2,5308,5310,0
2017-07-12 03:30:00,2017-07-12,03:30,3,5307,5310,0
2017-07-12 03:40:00,2017-07-12,03:40,6,5304,5310,0
2017-07-12 03:50:00,2017-07-12,03:50,5,5305,5310,0
2017-07-12 04:00:00,2017-07-12,04:00,3,5307,5310,0
2017-07-12 04:10:00,2017-07-12,04:10,3,5307,5310,0
2017-07-12 04:20:00,2017-07-12,04:20,6,5304,5310,0
2017-07-12 04:30:00,2017-07-12,04:30,7,5303,5310,0
2017-07-12 04:40:00,2017-07-12,04:40,5,5305,5310,0
2017-07-12 04:50:00,2017-07-12,04:50,9,5301,5310,0
2017-07-12 05:00:00,2017-07-12,05:00,10,5300,5310,0
2017-07-12 05:10:00,2017-07-12,05:10,13,5297,5310,0
2017-07-12 05:20:00,2017-07-12,05:20,14,5296,5310,0
2017-07-12 05:30:00,2017-07-12,05:30,30,5280,5310,0
2017-07-12 05:40:00,2017-07-12,05:40,39,5271,5310,0
2017-07-12 05:50:00,2017-07-12,05:50,47,5263,5310,0
2017-07-12 06:00:00,2017-07-12,06:00,37,5273,5310,0
2017-07-12 06:10:00,2017-07-12,06:10,49,5261,5310,0
2017-07-12 06:20:00,2017-07-12,06:20,79,5231,5310,0
2017-07-12 06:30:00,2017-07-12,06:30,81,5229,5310,0
2017-07-12 06:40:00,2017-07-12,06:40,131,5179,5310,0
2017-07-12 06:50:00,2017-07-12,06:50,123,5187,5310,0
2017-07-12 07:00:00,2017-07-12,07:00,120,5190,5310,0
2017-07-12 07:10:00,2017-07-12,07:10,141,5169,5310,0
2017-07-12 07:20:00,2017-07-12,07:20,184,5126,5310,0
2017-07-12 07:30:00,2017-07-12,07:30,206,5104,5310,0
2017-07-12 07:40:00,2017-07-12,07:40,234,5076,5310,0
2017-07-12 07:50:00,2017-07-12,07:50,277,5033,5310,0
2017-07-12 08:00:00,2017-07-12,08:00,280,5030,5310,0
2017-07-12 08:10:00,2017-07-12,08:10,271,5039,5310,0
2017-07-12 08:20:00,2017-07-12,08:20,306,5004,5310,0
2017-07-12 08:30:00,2017-07-12,08:30,280,5030,5310,0
2017-07-12 08:40:00,2017-07-12,08:40,294,5016,5310,0
2017-07-12 08:50:00,2017-07-12,08:50,254,5056,5310,0
2017-07-12 09:00:00,2017-07-12,09:00,189,5121,5310,0
2017-07-12 09:10:00,2017-07-12,09:10,99,5211,5310,0
2017-07-12 09:20:00,2017-07-12,09:20,35,5275,5310,0
2017-07-12 09:30:00,2017-07-12,09:30,25,5285,5310,0
2017-07-12 09:40:00,2017-07-12,09:40,41,5269,5310,0
2017-07-12 09:50:00,2017-07-12,09:50,52,5258,5310,0
2017-07-12 10:00:00,2017-07-12,10:00,25,5285,5310,0
2017-07-12 10:10:00,2017-07-12,10:10,14,5296,5310,0
2017-07-12 10:20:00,2017-07-12,10:20,10,5300,5310,0
2017-07-12 10:30:00,2017-07-12,10:30,9,5301,5310,0
2017-07-12 10:40:00,2017-07-12,10:40,5,5305,5310,0
2017-07-12 10:50:00,2017-07-12,10:50,4,5306,5310,0
2017-07-12 11:00:00,2017-07-12,11:00,13,5297,5310,0
2017-07-12 11:10:00,2017-07-12,11:10,20,5290,5310,0
2017-07-12 11:20:00,2017-07-12,11:20,21,5289,5310,0
2017-07-12 11:30:00,2017-07-12,11:30,42,5268,5310,0
2017-07-12 11:40:00,2017-07-12,11:40,52,5258,5310,0
2017-07-12 11:50:00,2017-07-12,11:50,66,5244,5310,0
2017-07-12 12:00:00,2017-07-12,12:00,69,5241,5310,0
2017-07-12 12:10:00,2017-07-12,12:10,69,5241,5310,0
2017-07-12 12:20:00,2017-07-12,12:20,83,5227,5310,0
2017-07-12 12:30:00,2017-07-12,12:30,91,5219,5310,0
2017-07-12 12:40:00,2017-07-12,12:40,102,5208,5310,0
2017-07-12 12:50:00,2017-07-12,12:50,100,5210,5310,0
2017-07-12 13:00:00,2017-07-12,13:00,76,5234,5310,0
2017-07-12 13:10:00,2017-07-12,13:10,60,5250,5310,0
2017-07-12 13:20:00,2017-07-12,13:20,50,5260,5310,0
2017-07-12 13:30:00,2017-07-12,13:30,38,5272,5310,0
2017-07-12 13:40:00,2017-07-12,13:40,18,5292,5310,0
2017-07-12 13:50:00,2017-07-12,13:50,21,5289,5310,0
2017-07-12 14:00:00,2017-07-12,14:00,19,5291,5310,0
2017-07-12 14:10:00,2017-07-12,14:10,31,5279,5310,0
2017-07-12 14:20:00,2017-07-12,14:20,36,5274,5310,0
2017-07-12 14:30:00,2017-07-12,14:30,44,5266,5310,0
2017-07-12 14:40:00,2017-07-12,14:40,58,5252,5310,0
2017-07-12 14:50:00,2017-07-12,14:50,66,5244,5310,0
2017-07-12 15:00:00,2017-07-12,15:00,85,5225,5310,0
2017-07-12 15:10:00,2017-07-12,15:10,96,5214,5310,0
2017-07-12 15:20:00,2017-07-12,15:20,110,5200,5310,0
2017-07-12 15:30:00,2017-07-12,15:30,134,5176,5310,0
2017-07-12 15:40:00,2017-07-12,15:40,112,5198,5310,0
2017-07-12 15:50:00,2017-07-12,15:50,146,5164,5310,0
2017-07-12 16:00:00,2017-07-12,16:00,167,5143,5310,0
2017-07-12 16:10:00,2017-07-12,16:10,192,5118,5310,0
2017-07-12 16:20:00,2017-07-12,16:20,218,5092,5310,0
2017-07-12 16:30:00,2017-07-12,16:30,239,5071,5310,0
2017-07-12 16:40:00,2017-07-12,16:40,281,5029,5310,0
2017-07-12 16:50:00,2017-07-12,16:50,304,5006,5310,0
2017-07-12 17:00:00,2017-07-12,17:00,334,4976,5310,0
2017-07-12 17:10:00,2017-07-12,17:10,477,4833,5310,0
2017-07-12 17:20:00,2017-07-12,17:20,501,4809,5310,0
2017-07-12 17:30:00,2017-07-12,17:30,488,4822,5310,0
2017-07-12 17:40:00,2017-07-12,17:40,476,4834,5310,0
2017-07-12 17:50:00,2017-07-12,17:50,415,4895,5310,0
2017-07-12 18:00:00,2017-07-12,18:00,361,4949,5310,0
2017-07-12 18:10:00,2017-07-12,18:10,380,4930,5310,0
2017-07-12 18:20:00,2017-07-12,18:20,349,4961,5310,0
2017-07-12 18:30:00,2017-07-12,18:30,336,4974,5310,0
2017-07-12 18:40:00,2017-07-12,18:40,295,5015,5310,0
2017-07-12 18:50:00,2017-07-12,18:50,274,5036,5310,0
2017-07-12 19:00:00,2017-07-12,19:00,256,5054,5310,0
2017-07-12 19:10:00,2017-07-12,19:10,252,5058,5310,0
2017-07-12 19:20:00,2017-07-12,19:20,245,5065,5310,0
2017-07-12 19:30:00,2017-07-12,19:30,253,5057,5310,0
2017-07-12 19:40:00,2017-07-12,19:40,234,5076,5310,0
2017-07-12 19:50:00,2017-07-12,19:50,247,5063,5310,0
2017-07-12 20:00:00,2017-07-12,20:00,194,5116,5310,0
2017-07-12 20:10:00,2017-07-12,20:10,172,5138,5310,0
2017-07-12 20:20:00,2017-07-12,20:20,187,5123,5310,0
2017-07-12 20:30:00,2017-07-12,20:30,172,5138,5310,0
2017-07-12 20:40:00,2017-07-12,20:40,168,5142,5310,0
2017-07-12 20:50:00,2017-07-12,20:50,146,5164,5310,0
2017-07-12 21:00:00,2017-07-12,21:00,147,5163,5310,0
2017-07-12 21:10:00,2017-07-12,21:10,126,5184,5310,0
2017-07-12 21:20:00,2017-07-12,21:20,126,5184,5310,0
2017-07-12 21:30:00,2017-07-12,21:30,106,5204,5310,0
2017-07-12 21:40:00,2017-07-12,21:40,75,5235,5310,0
2017-07-12 21:50:00,2017-07-12,21:50,116,5194,5310,0
2017-07-12 22:00:00,2017-07-12,22:00,127,5183,5310,0
2017-07-12 22:10:00,2017-07-12,22:10,117,5193,5310,0
2017-07-12 22:20:00,2017-07-12,22:20,79,5231,5310,0
2017-07-12 22:30:00,2017-07-12,22:30,81,5229,5310,0
2017-07-12 22:40:00,2017-07-12,22:40,86,5224,5310,0
2017-07-12 22:50:00,2017-07-12,22:50,66,5244,5310,0
2017-07-12 23:00:00,2017-07-12,23:00,68,5242,5310,0
2017-07-12 23:10:00,2017-07-12,23:10,73,5237,5310,0
2017-07-12 23:20:00,2017-07-12,23:20,64,5246,5310,0
2017-07-12 23:30:00,2017-07-12,23:30,64,5246,5310,0
2017-07-12 23:40:00,2017-07-12,23:40,54,5256,5310,0
2017-07-12 23:50:00,2017-07-12,23:50,42,5268,5310,0
2017-07-13 00:00:00,2017-07-13,00:00,32,5278,5310,0
2017-07-13 00:10:00,2017-07-13,00:10,30,5280,5310,0
2017-07-13 00:20:00,2017-07-13,00:20,16,5294,5310,0
2017-07-13 00:30:00,2017-07-13,00:30,23,5287,5310,0
2017-07-13 00:40:00,2017-07-13,00:40,24,5286,5310,0
2017-07-13 00:50:00,2017-07-13,00:50,22,5288,5310,0
2017-07-13 01:00:00,2017-07-13,01:00,20,5290,5310,0
2017-07-13 01:10:00,2017-07-13,01:10,17,5293,5310,0
2017-07-13 01:20:00,2017-07-13,01:20,19,5291,5310,0
2017-07-13 01:30:00,2017-07-13,01:30,23,5287,5310,0
2017-07-13 01:40:00,2017-07-13,01:40,18,5292,5310,0
2017-07-13 01:50:00,2017-07-13,01:50,16,5294,5310,0
2017-07-13 02:00:00,2017-07-13,02:00,14,5296,5310,0
2017-07-13 02:10:00,2017-07-13,02:10,14,5296,5310,0
2017-07-13 02:20:00,2017-07-13,02:20,14,5296,5310,0
2017-07-13 02:30:00,2017-07-13,02:30,10,5300,5310,0
2017-07-13 02:40:00,2017-07-13,02:40,11,5299,5310,0
2017-07-13 02:50:00,2017-07-13,02:50,12,5298,5310,0
2017-07-13 03:00:00,2017-07-13,03:00,10,5300,5310,0
2017-07-13 03:10:00,2017-07-13,03:10,8,5302,5310,0
2017-07-13 03:20:00,2017-07-13,03:20,7,5303,5310,0
2017-07-13 03:30:00,2017-07-13,03:30,7,5303,5310,0
2017-07-13 03:40:00,2017-07-13,03:40,6,5304,5310,0
2017-07-13 03:50:00,2017-07-13,03:50,9,5301,5310,0
2017-07-13 04:00:00,2017-07-13,04:00,7,5303,5310,0
2017-07-13 04:10:00,2017-07-13,04:10,5,5305,5310,0
2017-07-13 04:20:00,2017-07-13,04:20,7,5303,5310,0
2017-07-13 04:30:00,2017-07-13,04:30,7,5303,5310,0
2017-07-13 04:40:00,2017-07-13,04:40,7,5303,5310,0
2017-07-13 04:50:00,2017-07-13,04:50,7,5303,5310,0
2017-07-13 05:00:00,2017-07-13,05:00,9,5301,5310,0
2017-07-13 05:10:00,2017-07-13,05:10,21,5289,5310,0
2017-07-13 05:20:00,2017-07-13,05:20,23,5287,5310,0
2017-07-13 05:30:00,2017-07-13,05:30,33,5277,5310,0
2017-07-13 05:40:00,2017-07-13,05:40,54,5256,5310,0
2017-07-13 05:50:00,2017-07-13,05:50,41,5269,5310,0
2017-07-13 06:00:00,2017-07-13,06:00,34,5276,5310,0
2017-07-13 06:10:00,2017-07-13,06:10,62,5248,5310,0
2017-07-13 06:20:00,2017-07-13,06:20,86,5224,5310,0
2017-07-13 06:30:00,2017-07-13,06:30,78,5232,5310,0
2017-07-13 06:40:00,2017-07-13,06:40,125,5185,5310,0
2017-07-13 06:50:00,2017-07-13,06:50,136,5174,5310,0
2017-07-13 07:00:00,2017-07-13,07:00,112,5198,5310,0
2017-07-13 07:10:00,2017-07-13,07:10,149,5161,5310,0
2017-07-13 07:20:00,2017-07-13,07:20,201,5109,5310,0
2017-07-13 07:30:00,2017-07-13,07:30,204,5106,5310,0
2017-07-13 07:40:00,2017-07-13,07:40,212,5098,5310,0
2017-07-13 07:50:00,2017-07-13,07:50,274,5036,5310,0
2017-07-13 08:00:00,2017-07-13,08:00,283,5027,5310,0
2017-07-13 08:10:00,2017-07-13,08:10,260,5050,5310,0
2017-07-13 08:20:00,2017-07-13,08:20,307,5003,5310,0
2017-07-13 08:30:00,2017-07-13,08:30,294,5016,5310,0
2017-07-13 08:40:00,2017-07-13,08:40,310,5000,5310,0
2017-07-13 08:50:00,2017-07-13,08:50,300,5010,5310,0
2017-07-13 09:00:00,2017-07-13,09:00,228,5082,5310,0
2017-07-13 09:10:00,2017-07-13,09:10,181,5129,5310,0
2017-07-13 09:20:00,2017-07-13,09:20,166,5144,5310,0
2017-07-13 09:30:00,2017-07-13,09:30,144,5166,5310,0
2017-07-13 09:40:00,2017-07-13,09:40,133,5177,5310,0
2017-07-13 09:50:00,2017-07-13,09:50,133,5177,5310,0
2017-07-13 10:00:00,2017-07-13,10:00,122,5188,5310,0
2017-07-13 10:10:00,2017-07-13,10:10,110,5200,5310,0
2017-07-13 10:20:00,2017-07-13,10:20,142,5168,5310,0
2017-07-13 10:30:00,2017-07-13,10:30,138,5172,5310,0
2017-07-13 10:40:00,2017-07-13,10:40,123,5187,5310,0
2017-07-13 10:50:00,2017-07-13,10:50,107,5203,5310,0
2017-07-13 11:00:00,2017-07-13,11:00,128,5182,5310,0
2017-07-13 11:10:00,2017-07-13,11:10,139,5171,5310,0
2017-07-13 11:20:00,2017-07-13,11:20,156,5154,5310,0
2017-07-13 11:30:00,2017-07-13,11:30,140,5170,5310,0
2017-07-13 11:40:00,2017-07-13,11:40,179,5131,5310,0
2017-07-13 11:50:00,2017-07-13,11:50,218,5092,5310,0
2017-07-13 12:00:00,2017-07-13,12:00,200,5110,5310,0
2017-07-13 12:10:00,2017-07-13,12:10,194,5116,5310,0
2017-07-13 12:20:00,2017-07-13,12:20,212,5098,5310,0
2017-07-13 12:30:00,2017-07-13,12:30,200,5110,5310,0
2017-07-13 12:40:00,2017-07-13,12:40,216,5094,5310,0
2017-07-13 12:50:00,2017-07-13,12:50,213,5097,5310,0
2017-07-13 13:00:00,2017-07-13,13:00,216,5094,5310,0
2017-07-13 13:10:00,2017-07-13,13:10,211,5099,5310,0
2017-07-13 13:20:00,2017-07-13,13:20,236,5074,5310,0
2017-07-13 13:30:00,2017-07-13,13:30,210,5100,5310,0
2017-07-13 13:40:00,2017-07-13,13:40,220,5090,5310,0
2017-07-13 13:50:00,2017-07-13,13:50,223,5087,5310,0
2017-07-13 14:00:00,2017-07-13,14:00,207,5103,5310,0
2017-07-13 14:10:00,2017-07-13,14:10,226,5084,5310,0
2017-07-13 14:20:00,2017-07-13,14:20,248,5062,5310,0
2017-07-13 14:30:00,2017-07-13,14:30,220,5090,5310,0
2017-07-13 14:40:00,2017-07-13,14:40,234,5076,5310,0
2017-07-13 14:50:00,2017-07-13,14:50,249,5061,5310,0
2017-07-13 15:00:00,2017-07-13,15:00,254,5056,5310,0
2017-07-13 15:10:00,2017-07-13,15:10,271,5039,5310,0
2017-07-13 15:20:00,2017-07-13,15:20,257,5053,5310,0
2017-07-13 15:30:00,2017-07-13,15:30,250,5060,5310,0
2017-07-13 15:40:00,2017-07-13,15:40,275,5035,5310,0
2017-07-13 15:50:00,2017-07-13,15:50,242,5068,5310,0
2017-07-13 16:00:00,2017-07-13,16:00,248,5062,5310,0
2017-07-13 16:10:00,2017-07-13,16:10,306,5004,5310,0
2017-07-13 16:20:00,2017-07-13,16:20,340,4970,5310,0
2017-07-13 16:30:00,2017-07-13,16:30,359,4951,5310,0
2017-07-13 16:40:00,2017-07-13,16:40,420,4890,5310,0
2017-07-13 16:50:00,2017-07-13,16:50,447,4863,5310,0
2017-07-13 17:00:00,2017-07-13,17:00,471,4839,5310,0
2017-07-13 17:10:00,2017-07-13,17:10,598,4712,5310,0
2017-07-13 17:20:00,2017-07-13,17:20,642,4668,5310,0
2017-07-13 17:30:00,2017-07-13,17:30,643,4667,5310,0
2017-07-13 17:40:00,2017-07-13,17:40,653,4657,5310,0
2017-07-13 17:50:00,2017-07-13,17:50,614,4696,5310,0
2017-07-13 18:00:00,2017-07-13,18:00,591,4719,5310,0
2017-07-13 18:10:00,2017-07-13,18:10,548,4762,5310,0
2017-07-13 18:20:00,2017-07-13,18:20,505,4805,5310,0
2017-07-13 18:30:00,2017-07-13,18:30,436,4874,5310,0
2017-07-13 18:40:00,2017-07-13,18:40,428,4882,5310,0
2017-07-13 18:50:00,2017-07-13,18:50,389,4921,5310,0
2017-07-13 19:00:00,2017-07-13,19:00,377,4933,5310,0
2017-07-13 19:10:00,2017-07-13,19:10,353,4957,5310,0
2017-07-13 19:20:00,2017-07-13,19:20,370,4940,5310,0
2017-07-13 19:30:00,2017-07-13,19:30,349,4961,5310,0
2017-07-13 19:40:00,2017-07-13,19:40,341,4969,5310,0
2017-07-13 19:50:00,2017-07-13,19:50,323,4987,5310,0
2017-07-13 20:00:00,2017-07-13,20:00,315,4995,5310,0
2017-07-13 20:10:00,2017-07-13,20:10,326,4984,5310,0
2017-07-13 20:20:00,2017-07-13,20:20,271,5039,5310,0
2017-07-13 20:30:00,2017-07-13,20:30,254,5056,5310,0
2017-07-13 20:40:00,2017-07-13,20:40,253,5057,5310,0
2017-07-13 20:50:00,2017-07-13,20:50,247,5063,5310,0
2017-07-13 21:00:00,2017-07-13,21:00,223,5087,5310,0
2017-07-13 21:10:00,2017-07-13,21:10,211,5099,5310,0
2017-07-13 21:20:00,2017-07-13,21:20,212,5098,5310,0
2017-07-13 21:30:00,2017-07-13,21:30,196,5114,5310,0
2017-07-13 21:40:00,2017-07-13,21:40,161,5149,5310,0
2017-07-13 21:50:00,2017-07-13,21:50,161,5149,5310,0
2017-07-13 22:00:00,2017-07-13,22:00,138,5172,5310,0
2017-07-13 22:10:00,2017-07-13,22:10,117,5193,5310,0
2017-07-13 22:20:00,2017-07-13,22:20,106,5204,5310,0
2017-07-13 22:30:00,2017-07-13,22:30,119,5191,5310,0
2017-07-13 22:40:00,2017-07-13,22:40,135,5175,5310,0
2017-07-13 22:50:00,2017-07-13,22:50,135,5175,5310,0
2017-07-13 23:00:00,2017-07-13,23:00,126,5184,5310,0
2017-07-13 23:10:00,2017-07-13,23:10,119,5191,5310,0
2017-07-13 23:20:00,2017-07-13,23:20,95,5215,5310,0
2017-07-13 23:30:00,2017-07-13,23:30,93,5217,5310,0
2017-07-13 23:40:00,2017-07-13,23:40,69,5241,5310,0
2017-07-13 23:50:00,2017-07-13,23:50,55,5255,5310,0
2017-07-14 00:00:00,2017-07-14,00:00,44,5266,5310,0
2017-07-14 00:10:00,2017-07-14,00:10,42,5268,5310,0
2017-07-14 00:20:00,2017-07-14,00:20,46,5264,5310,0
2017-07-14 00:30:00,2017-07-14,00:30,44,5266,5310,0
2017-07-14 00:40:00,2017-07-14,00:40,38,5272,5310,0
2017-07-14 00:50:00,2017-07-14,00:50,38,5272,5310,0
2017-07-14 01:00:00,2017-07-14,01:00,42,5268,5310,0
2017-07-14 01:10:00,2017-07-14,01:10,43,5267,5310,0
2017-07-14 01:20:00,2017-07-14,01:20,42,5268,5310,0
2017-07-14 01:30:00,2017-07-14,01:30,28,5282,5310,0
2017-07-14 01:40:00,2017-07-14,01:40,32,5278,5310,0
2017-07-14 01:50:00,2017-07-14,01:50,20,5290,5310,0
2017-07-14 02:00:00,2017-07-14,02:00,15,5295,5310,0
2017-07-14 02:10:00,2017-07-14,02:10,20,5290,5310,0
2017-07-14 02:20:00,2017-07-14,02:20,17,5293,5310,0
2017-07-14 02:30:00,2017-07-14,02:30,13,5297,5310,0
2017-07-14 02:40:00,2017-07-14,02:40,11,5299,5310,0
2017-07-14 02:50:00,2017-07-14,02:50,18,5292,5310,0
2017-07-14 03:00:00,2017-07-14,03:00,15,5295,5310,0
2017-07-14 03:10:00,2017-07-14,03:10,16,5294,5310,0
2017-07-14 03:20:00,2017-07-14,03:20,13,5297,5310,0
2017-07-14 03:30:00,2017-07-14,03:30,14,5296,5310,0
2017-07-14 03:40:00,2017-07-14,03:40,17,5293,5310,0
2017-07-14 03:50:00,2017-07-14,03:50,21,5289,5310,0
2017-07-14 04:00:00,2017-07-14,04:00,18,5292,5310,0
2017-07-14 04:10:00,2017-07-14,04:10,19,5291,5310,0
2017-07-14 04:20:00,2017-07-14,04:20,14,5296,5310,0
2017-07-14 04:30:00,2017-07-14,04:30,13,5297,5310,0
2017-07-14 04:40:00,2017-07-14,04:40,11,5299,5310,0
2017-07-14 04:50:00,2017-07-14,04:50,14,5296,5310,0
2017-07-14 05:00:00,2017-07-14,05:00,11,5299,5310,0
2017-07-14 05:10:00,2017-07-14,05:10,20,5290,5310,0
2017-07-14 05:20:00,2017-07-14,05:20,25,5285,5310,0
2017-07-14 05:30:00,2017-07-14,05:30,37,5273,5310,0
2017-07-14 05:40:00,2017-07-14,05:40,45,5265,5310,0
2017-07-14 05:50:00,2017-07-14,05:50,44,5266,5310,0
2017-07-14 06:00:00,2017-07-14,06:00,44,5266,5310,0
2017-07-14 06:10:00,2017-07-14,06:10,52,5258,5310,0
2017-07-14 06:20:00,2017-07-14,06:20,81,5229,5310,0
2017-07-14 06:30:00,2017-07-14,06:30,82,5228,5310,0
2017-07-14 06:40:00,2017-07-14,06:40,120,5190,5310,0
2017-07-14 06:50:00,2017-07-14,06:50,138,5172,5310,0
2017-07-14 07:00:00,2017-07-14,07:00,110,5200,5310,0
2017-07-14 07:10:00,2017-07-14,07:10,169,5141,5310,0
2017-07-14 07:20:00,2017-07-14,07:20,202,5108,5310,0
2017-07-14 07:30:00,2017-07-14,07:30,199,5111,5310,0
2017-07-14 07:40:00,2017-07-14,07:40,235,5075,5310,0
2017-07-14 07:50:00,2017-07-14,07:50,277,5033,5310,0
2017-07-14 08:00:00,2017-07-14,08:00,291,5019,5310,0
2017-07-14 08:10:00,2017-07-14,08:10,267,5043,5310,0
2017-07-14 08:20:00,2017-07-14,08:20,327,4983,5310,0
2017-07-14 08:30:00,2017-07-14,08:30,321,4989,5310,0
2017-07-14 08:40:00,2017-07-14,08:40,305,5005,5310,0
2017-07-14 08:50:00,2017-07-14,08:50,290,5020,5310,0
2017-07-14 09:00:00,2017-07-14,09:00,250,5060,5310,0
2017-07-14 09:10:00,2017-07-14,09:10,202,5108,5310,0
2017-07-14 09:20:00,2017-07-14,09:20,189,5121,5310,0
2017-07-14 09:30:00,2017-07-14,09:30,167,5143,5310,0
2017-07-14 09:40:00,2017-07-14,09:40,146,5164,5310,0
2017-07-14 09:50:00,2017-07-14,09:50,157,5153,5310,0
2017-07-14 10:00:00,2017-07-14,10:00,143,5167,5310,0
2017-07-14 10:10:00,2017-07-14,10:10,136,5174,5310,0
2017-07-14 10:20:00,2017-07-14,10:20,137,5173,5310,0
2017-07-14 10:30:00,2017-07-14,10:30,165,5145,5310,0
2017-07-14 10:40:00,2017-07-14,10:40,187,5123,5310,0
2017-07-14 10:50:00,2017-07-14,10:50,202,5108,5310,0
2017-07-14 11:00:00,2017-07-14,11:00,187,5123,5310,0
2017-07-14 11:10:00,2017-07-14,11:10,210,5100,5310,0
2017-07-14 11:20:00,2017-07-14,11:20,248,5062,5310,0
2017-07-14 11:30:00,2017-07-14,11:30,222,5088,5310,0
2017-07-14 11:40:00,2017-07-14,11:40,240,5070,5310,0
2017-07-14 11:50:00,2017-07-14,11:50,273,5037,5310,0
2017-07-14 12:00:00,2017-07-14,12:00,276,5034,5310,0
2017-07-14 12:10:00,2017-07-14,12:10,328,4982,5310,0
2017-07-14 12:20:00,2017-07-14,12:20,341,4969,5310,0
2017-07-14 12:30:00,2017-07-14,12:30,320,4990,5310,0
2017-07-14 12:40:00,2017-07-14,12:40,317,4993,5310,0
2017-07-14 12:50:00,2017-07-14,12:50,317,4993,5310,0
2017-07-14 13:00:00,2017-07-14,13:00,320,4990,5310,0
2017-07-14 13:10:00,2017-07-14,13:10,344,4966,5310,0
2017-07-14 13:20:00,2017-07-14,13:20,354,4956,5310,0
2017-07-14 13:30:00,2017-07-14,13:30,360,4950,5310,0
2017-07-14 13:40:00,2017-07-14,13:40,379,4931,5310,0
2017-07-14 13:50:00,2017-07-14,13:50,375,4935,5310,0
2017-07-14 14:00:00,2017-07-14,14:00,358,4952,5310,0
2017-07-14 14:10:00,2017-07-14,14:10,346,4964,5310,0
2017-07-14 14:20:00,2017-07-14,14:20,352,4958,5310,0
2017-07-14 14:30:00,2017-07-14,14:30,328,4982,5310,0
2017-07-14 14:40:00,2017-07-14,14:40,346,4964,5310,0
2017-07-14 14:50:00,2017-07-14,14:50,357,4953,5310,0
2017-07-14 15:00:00,2017-07-14,15:00,347,4963,5310,0
2017-07-14 15:10:00,2017-07-14,15:10,356,4954,5310,0
2017-07-14 15:20:00,2017-07-14,15:20,366,4944,5310,0
2017-07-14 15:30:00,2017-07-14,15:30,371,4939,5310,0
2017-07-14 15:40:00,2017-07-14,15:40,417,4893,5310,0
2017-07-14 15:50:00,2017-07-14,15:50,416,4894,5310,0
2017-07-14 16:00:00,2017-07-14,16:00,449,4861,5310,0
2017-07-14 16:10:00,2017-07-14,16:10,488,4822,5310,0
2017-07-14 16:20:00,2017-07-14,16:20,511,4799,5310,0
2017-07-14 16:30:00,2017-07-14,16:30,497,4813,5310,0
2017-07-14 16:40:00,2017-07-14,16:40,505,4805,5310,0
2017-07-14 16:50:00,2017-07-14,16:50,558,4752,5310,0
2017-07-14 17:00:00,2017-07-14,17:00,573,4737,5310,0
2017-07-14 17:10:00,2017-07-14,17:10,605,4705,5310,0
2017-07-14 17:20:00,2017-07-14,17:20,600,4710,5310,0
2017-07-14 17:30:00,2017-07-14,17:30,606,4704,5310,0
2017-07-14 17:40:00,2017-07-14,17:40,568,4742,5310,0
2017-07-14 17:50:00,2017-07-14,17:50,528,4782,5310,0
2017-07-14 18:00:00,2017-07-14,18:00,463,4847,5310,0
2017-07-14 18:10:00,2017-07-14,18:10,460,4850,5310,0
2017-07-14 18:20:00,2017-07-14,18:20,434,4876,5310,0
2017-07-14 18:30:00,2017-07-14,18:30,410,4900,5310,0
2017-07-14 18:40:00,2017-07-14,18:40,411,4899,5310,0
2017-07-14 18:50:00,2017-07-14,18:50,384,4926,5310,0
2017-07-14 19:00:00,2017-07-14,19:00,356,4954,5310,0
2017-07-14 19:10:00,2017-07-14,19:10,318,4992,5310,0
2017-07-14 19:20:00,2017-07-14,19:20,297,5013,5310,0
2017-07-14 19:30:00,2017-07-14,19:30,252,5058,5310,0
2017-07-14 19:40:00,2017-07-14,19:40,252,5058,5310,0
2017-07-14 19:50:00,2017-07-14,19:50,213,5097,5310,0
2017-07-14 20:00:00,2017-07-14,20:00,193,5117,5310,0
2017-07-14 20:10:00,2017-07-14,20:10,215,5095,5310,0
2017-07-14 20:20:00,2017-07-14,20:20,211,5099,5310,0
2017-07-14 20:30:00,2017-07-14,20:30,221,5089,5310,0
2017-07-14 20:40:00,2017-07-14,20:40,180,5130,5310,0
2017-07-14 20:50:00,2017-07-14,20:50,180,5130,5310,0
2017-07-14 21:00:00,2017-07-14,21:00,173,5137,5310,0
2017-07-14 21:10:00,2017-07-14,21:10,158,5152,5310,0
2017-07-14 21:20:00,2017-07-14,21:20,141,5169,5310,0
2017-07-14 21:30:00,2017-07-14,21:30,132,5178,5310,0
2017-07-14 21:40:00,2017-07-14,21:40,142,5168,5310,0
2017-07-14 21:50:00,2017-07-14,21:50,157,5153,5310,0
2017-07-14 22:00:00,2017-07-14,22:00,142,5168,5310,0
2017-07-14 22:10:00,2017-07-14,22:10,149,5161,5310,0
2017-07-14 22:20:00,2017-07-14,22:20,152,5158,5310,0
2017-07-14 22:30:00,2017-07-14,22:30,147,5163,5310,0
2017-07-14 22:40:00,2017-07-14,22:40,128,5182,5310,0
2017-07-14 22:50:00,2017-07-14,22:50,120,5190,5310,0
2017-07-14 23:00:00,2017-07-14,23:00,117,5193,5310,0
2017-07-14 23:10:00,2017-07-14,23:10,125,5185,5310,0
2017-07-14 23:20:00,2017-07-14,23:20,115,5195,5310,0
2017-07-14 23:30:00,2017-07-14,23:30,113,5197,5310,0
2017-07-14 23:40:00,2017-07-14,23:40,112,5198,5310,0
2017-07-14 23:50:00,2017-07-14,23:50,111,5199,5310,0
2017-07-15 00:00:00,2017-07-15,00:00,120,5190,5310,0
2017-07-15 00:10:00,2017-07-15,00:10,108,5202,5310,0
2017-07-15 00:20:00,2017-07-15,00:20,103,5207,5310,0
2017-07-15 00:30:00,2017-07-15,00:30,89,5221,5310,0
2017-07-15 00:40:00,2017-07-15,00:40,88,5222,5310,0
2017-07-15 00:50:00,2017-07-15,00:50,76,5234,5310,0
2017-07-15 01:00:00,2017-07-15,01:00,76,5234,5310,0
2017-07-15 01:10:00,2017-07-15,01:10,61,5249,5310,0
2017-07-15 01:20:00,2017-07-15,01:20,58,5252,5310,0
2017-07-15 01:30:00,2017-07-15,01:30,55,5255,5310,0
2017-07-15 01:40:00,2017-07-15,01:40,46,5264,5310,0
2017-07-15 01:50:00,2017-07-15,01:50,37,5273,5310,0
2017-07-15 02:00:00,2017-07-15,02:00,42,5268,5310,0
2017-07-15 02:10:00,2017-07-15,02:10,35,5275,5310,0
2017-07-15 02:20:00,2017-07-15,02:20,38,5272,5310,0
2017-07-15 02:30:00,2017-07-15,02:30,40,5270,5310,0
2017-07-15 02:40:00,2017-07-15,02:40,37,5273,5310,0
2017-07-15 02:50:00,2017-07-15,02:50,35,5275,5310,0
2017-07-15 03:00:00,2017-07-15,03:00,38,5272,5310,0
2017-07-15 03:10:00,2017-07-15,03:10,29,5281,5310,0
2017-07-15 03:20:00,2017-07-15,03:20,28,5282,5310,0
2017-07-15 03:30:00,2017-07-15,03:30,18,5292,5310,0
2017-07-15 03:40:00,2017-07-15,03:40,20,5290,5310,0
2017-07-15 03:50:00,2017-07-15,03:50,14,5296,5310,0
2017-07-15 04:00:00,2017-07-15,04:00,13,5297,5310,0
2017-07-15 04:10:00,2017-07-15,04:10,11,5299,5310,0
2017-07-15 04:20:00,2017-07-15,04:20,12,5298,5310,0
2017-07-15 04:30:00,2017-07-15,04:30,14,5296,5310,0
2017-07-15 04:40:00,2017-07-15,04:40,11,5299,5310,0
2017-07-15 04:50:00,2017-07-15,04:50,13,5297,5310,0
2017-07-15 05:00:00,2017-07-15,05:00,14,5296,5310,0
2017-07-15 05:10:00,2017-07-15,05:10,15,5295,5310,0
2017-07-15 05:20:00,2017-07-15,05:20,18,5292,5310,0
2017-07-15 05:30:00,2017-07-15,05:30,14,5296,5310,0
2017-07-15 05:40:00,2017-07-15,05:40,16,5294,5310,0
2017-07-15 05:50:00,2017-07-15,05:50,23,5287,5310,0
2017-07-15 06:00:00,2017-07-15,06:00,24,5286,5310,0
2017-07-15 06:10:00,2017-07-15,06:10,30,5280,5310,0
2017-07-15 06:20:00,2017-07-15,06:20,29,5281,5310,0
2017-07-15 06:30:00,2017-07-15,06:30,34,5276,5310,0
2017-07-15 06:40:00,2017-07-15,06:40,39,5271,5310,0
2017-07-15 06:50:00,2017-07-15,06:50,55,5255,5310,0
2017-07-15 07:00:00,2017-07-15,07:00,48,5262,5310,0
2017-07-15 07:10:00,2017-07-15,07:10,47,5263,5310,0
2017-07-15 07:20:00,2017-07-15,07:20,63,5247,5310,0
2017-07-15 07:30:00,2017-07-15,07:30,61,5249,5310,0
2017-07-15 07:40:00,2017-07-15,07:40,77,5233,5310,0
2017-07-15 07:50:00,2017-07-15,07:50,92,5218,5310,0
2017-07-15 08:00:00,2017-07-15,08:00,105,5205,5310,0
2017-07-15 08:10:00,2017-07-15,08:10,104,5206,5310,0
2017-07-15 08:20:00,2017-07-15,08:20,123,5187,5310,0
2017-07-15 08:30:00,2017-07-15,08:30,145,5165,5310,0
2017-07-15 08:40:00,2017-07-15,08:40,160,5150,5310,0
2017-07-15 08:50:00,2017-07-15,08:50,185,5125,5310,0
2017-07-15 09:00:00,2017-07-15,09:00,203,5107,5310,0
2017-07-15 09:10:00,2017-07-15,09:10,240,5070,5310,0
2017-07-15 09:20:00,2017-07-15,09:20,234,5076,5310,0
2017-07-15 09:30:00,2017-07-15,09:30,232,5078,5310,0
2017-07-15 09:40:00,2017-07-15,09:40,271,5039,5310,0
2017-07-15 09:50:00,2017-07-15,09:50,304,5006,5310,0
2017-07-15 10:00:00,2017-07-15,10:00,296,5014,5310,0
2017-07-15 10:10:00,2017-07-15,10:10,321,4989,5310,0
2017-07-15 10:20:00,2017-07-15,10:20,378,4932,5310,0
2017-07-15 10:30:00,2017-07-15,10:30,413,4897,5310,0
2017-07-15 10:40:00,2017-07-15,10:40,480,4830,5310,0
2017-07-15 10:50:00,2017-07-15,10:50,527,4783,5310,0
2017-07-15 11:00:00,2017-07-15,11:00,502,4808,5310,0
2017-07-15 11:10:00,2017-07-15,11:10,544,4766,5310,0
2017-07-15 11:20:00,2017-07-15,11:20,582,4728,5310,0
2017-07-15 11:30:00,2017-07-15,11:30,619,4691,5310,0
2017-07-15 11:40:00,2017-07-15,11:40,620,4690,5310,0
2017-07-15 11:50:00,2017-07-15,11:50,687,4623,5310,0
2017-07-15 12:00:00,2017-07-15,12:00,698,4612,5310,0
2017-07-15 12:10:00,2017-07-15,12:10,730,4580,5310,0
2017-07-15 12:20:00,2017-07-15,12:20,721,4589,5310,0
2017-07-15 12:30:00,2017-07-15,12:30,771,4539,5310,0
2017-07-15 12:40:00,2017-07-15,12:40,777,4533,5310,0
2017-07-15 12:50:00,2017-07-15,12:50,762,4548,5310,0
2017-07-15 13:00:00,2017-07-15,13:00,767,4543,5310,0
2017-07-15 13:10:00,2017-07-15,13:10,791,4519,5310,0
2017-07-15 13:20:00,2017-07-15,13:20,815,4495,5310,0
2017-07-15 13:30:00,2017-07-15,13:30,831,4479,5310,0
2017-07-15 13:40:00,2017-07-15,13:40,830,4480,5310,0
2017-07-15 13:50:00,2017-07-15,13:50,804,4506,5310,0
2017-07-15 14:00:00,2017-07-15,14:00,792,4518,5310,0
2017-07-15 14:10:00,2017-07-15,14:10,834,4476,5310,0
2017-07-15 14:20:00,2017-07-15,14:20,790,4520,5310,0
2017-07-15 14:30:00,2017-07-15,14:30,779,4531,5310,0
2017-07-15 14:40:00,2017-07-15,14:40,800,4510,5310,0
2017-07-15 14:50:00,2017-07-15,14:50,826,4484,5310,0
2017-07-15 15:00:00,2017-07-15,15:00,767,4543,5310,0
2017-07-15 15:10:00,2017-07-15,15:10,742,4568,5310,0
2017-07-15 15:20:00,2017-07-15,15:20,737,4573,5310,0
2017-07-15 15:30:00,2017-07-15,15:30,732,4578,5310,0
2017-07-15 15:40:00,2017-07-15,15:40,715,4595,5310,0
2017-07-15 15:50:00,2017-07-15,15:50,754,4556,5310,0
2017-07-15 16:00:00,2017-07-15,16:00,787,4523,5310,0
2017-07-15 16:10:00,2017-07-15,16:10,753,4557,5310,0
2017-07-15 16:20:00,2017-07-15,16:20,770,4540,5310,0
2017-07-15 16:30:00,2017-07-15,16:30,773,4537,5310,0
2017-07-15 16:40:00,2017-07-15,16:40,749,4561,5310,0
2017-07-15 16:50:00,2017-07-15,16:50,769,4541,5310,0
2017-07-15 17:00:00,2017-07-15,17:00,743,4567,5310,0
2017-07-15 17:10:00,2017-07-15,17:10,735,4575,5310,0
2017-07-15 17:20:00,2017-07-15,17:20,750,4560,5310,0
2017-07-15 17:30:00,2017-07-15,17:30,677,4633,5310,0
2017-07-15 17:40:00,2017-07-15,17:40,677,4633,5310,0
2017-07-15 17:50:00,2017-07-15,17:50,681,4629,5310,0
2017-07-15 18:00:00,2017-07-15,18:00,595,4715,5310,0
2017-07-15 18:10:00,2017-07-15,18:10,593,4717,5310,0
2017-07-15 18:20:00,2017-07-15,18:20,559,4751,5310,0
2017-07-15 18:30:00,2017-07-15,18:30,616,4694,5310,0
2017-07-15 18:40:00,2017-07-15,18:40,578,4732,5310,0
2017-07-15 18:50:00,2017-07-15,18:50,563,4747,5310,0
2017-07-15 19:00:00,2017-07-15,19:00,490,4820,5310,0
2017-07-15 19:10:00,2017-07-15,19:10,464,4846,5310,0
2017-07-15 19:20:00,2017-07-15,19:20,453,4857,5310,0
2017-07-15 19:30:00,2017-07-15,19:30,410,4900,5310,0
2017-07-15 19:40:00,2017-07-15,19:40,410,4900,5310,0
2017-07-15 19:50:00,2017-07-15,19:50,431,4879,5310,0
2017-07-15 20:00:00,2017-07-15,20:00,430,4880,5310,0
2017-07-15 20:10:00,2017-07-15,20:10,380,4930,5310,0
2017-07-15 20:20:00,2017-07-15,20:20,381,4929,5310,0
2017-07-15 20:30:00,2017-07-15,20:30,340,4970,5310,0
2017-07-15 20:40:00,2017-07-15,20:40,319,4991,5310,0
2017-07-15 20:50:00,2017-07-15,20:50,310,5000,5310,0
2017-07-15 21:00:00,2017-07-15,21:00,309,5001,5310,0
2017-07-15 21:10:00,2017-07-15,21:10,265,5045,5310,0
2017-07-15 21:20:00,2017-07-15,21:20,250,5060,5310,0
2017-07-15 21:30:00,2017-07-15,21:30,261,5049,5310,0
2017-07-15 21:40:00,2017-07-15,21:40,231,5079,5310,0
2017-07-15 21:50:00,2017-07-15,21:50,189,5121,5310,0
2017-07-15 22:00:00,2017-07-15,22:00,207,5103,5310,0
2017-07-15 22:10:00,2017-07-15,22:10,211,5099,5310,0
2017-07-15 22:20:00,2017-07-15,22:20,191,5119,5310,0
2017-07-15 22:30:00,2017-07-15,22:30,197,5113,5310,0
2017-07-15 22:40:00,2017-07-15,22:40,210,5100,5310,0
2017-07-15 22:50:00,2017-07-15,22:50,227,5083,5310,0
2017-07-15 23:00:00,2017-07-15,23:00,229,5081,5310,0
2017-07-15 23:10:00,2017-07-15,23:10,200,5110,5310,0
2017-07-15 23:20:00,2017-07-15,23:20,177,5133,5310,0
2017-07-15 23:30:00,2017-07-15,23:30,166,5144,5310,0
2017-07-15 23:40:00,2017-07-15,23:40,145,5165,5310,0
2017-07-15 23:50:00,2017-07-15,23:50,167,5143,5310,0
2017-07-16 00:00:00,2017-07-16,00:00,149,5161,5310,0
2017-07-16 00:10:00,2017-07-16,00:10,147,5163,5310,0
2017-07-16 00:20:00,2017-07-16,00:20,134,5176,5310,0
2017-07-16 00:30:00,2017-07-16,00:30,125,5185,5310,0
2017-07-16 00:40:00,2017-07-16,00:40,115,5195,5310,0
2017-07-16 00:50:00,2017-07-16,00:50,120,5190,5310,0
2017-07-16 01:00:00,2017-07-16,01:00,105,5205,5310,0
2017-07-16 01:10:00,2017-07-16,01:10,89,5221,5310,0
2017-07-16 01:20:00,2017-07-16,01:20,77,5233,5310,0
2017-07-16 01:30:00,2017-07-16,01:30,72,5238,5310,0
2017-07-16 01:40:00,2017-07-16,01:40,60,5250,5310,0
2017-07-16 01:50:00,2017-07-16,01:50,48,5262,5310,0
2017-07-16 02:00:00,2017-07-16,02:00,49,5261,5310,0
2017-07-16 02:10:00,2017-07-16,02:10,39,5271,5310,0
2017-07-16 02:20:00,2017-07-16,02:20,31,5279,5310,0
2017-07-16 02:30:00,2017-07-16,02:30,38,5272,5310,0
2017-07-16 02:40:00,2017-07-16,02:40,45,5265,5310,0
2017-07-16 02:50:00,2017-07-16,02:50,47,5263,5310,0
2017-07-16 03:00:00,2017-07-16,03:00,38,5272,5310,0
2017-07-16 03:10:00,2017-07-16,03:10,36,5274,5310,0
2017-07-16 03:20:00,2017-07-16,03:20,28,5282,5310,0
2017-07-16 03:30:00,2017-07-16,03:30,25,5285,5310,0
2017-07-16 03:40:00,2017-07-16,03:40,25,5285,5310,0
2017-07-16 03:50:00,2017-07-16,03:50,29,5281,5310,0
2017-07-16 04:00:00,2017-07-16,04:00,30,5280,5310,0
2017-07-16 04:10:00,2017-07-16,04:10,25,5285,5310,0
2017-07-16 04:20:00,2017-07-16,04:20,25,5285,5310,0
2017-07-16 04:30:00,2017-07-16,04:30,28,5282,5310,0
2017-07-16 04:40:00,2017-07-16,04:40,31,5279,5310,0
2017-07-16 04:50:00,2017-07-16,04:50,28,5282,5310,0
2017-07-16 05:00:00,2017-07-16,05:00,30,5280,5310,0
2017-07-16 05:10:00,2017-07-16,05:10,30,5280,5310,0
2017-07-16 05:20:00,2017-07-16,05:20,26,5284,5310,0
2017-07-16 05:30:00,2017-07-16,05:30,26,5284,5310,0
2017-07-16 05:40:00,2017-07-16,05:40,39,5271,5310,0
2017-07-16 05:50:00,2017-07-16,05:50,51,5259,5310,0
2017-07-16 06:00:00,2017-07-16,06:00,48,5262,5310,0
2017-07-16 06:10:00,2017-07-16,06:10,49,5261,5310,0
2017-07-16 06:20:00,2017-07-16,06:20,40,5270,5310,0
2017-07-16 06:30:00,2017-07-16,06:30,35,5275,5310,0
2017-07-16 06:40:00,2017-07-16,06:40,41,5269,5310,0
2017-07-16 06:50:00,2017-07-16,06:50,59,5251,5310,0
2017-07-16 07:00:00,2017-07-16,07:00,64,5246,5310,0
2017-07-16 07:10:00,2017-07-16,07:10,67,5243,5310,0
2017-07-16 07:20:00,2017-07-16,07:20,79,5231,5310,0
2017-07-16 07:30:00,2017-07-16,07:30,84,5226,5310,0
2017-07-16 07:40:00,2017-07-16,07:40,88,5222,5310,0
2017-07-16 07:50:00,2017-07-16,07:50,98,5212,5310,0
2017-07-16 08:00:00,2017-07-16,08:00,125,5185,5310,0
2017-07-16 08:10:00,2017-07-16,08:10,143,5167,5310,0
2017-07-16 08:20:00,2017-07-16,08:20,152,5158,5310,0
2017-07-16 08:30:00,2017-07-16,08:30,161,5149,5310,0
2017-07-16 08:40:00,2017-07-16,08:40,179,5131,5310,0
2017-07-16 08:50:00,2017-07-16,08:50,205,5105,5310,0
2017-07-16 09:00:00,2017-07-16,09:00,216,5094,5310,0
2017-07-16 09:10:00,2017-07-16,09:10,195,5115,5310,0
2017-07-16 09:20:00,2017-07-16,09:20,211,5099,5310,0
2017-07-16 09:30:00,2017-07-16,09:30,209,5101,5310,0
2017-07-16 09:40:00,2017-07-16,09:40,224,5086,5310,0
2017-07-16 09:50:00,2017-07-16,09:50,252,5058,5310,0
2017-07-16 10:00:00,2017-07-16,10:00,239,5071,5310,0
2017-07-16 10:10:00,2017-07-16,10:10,264,5046,5310,0
2017-07-16 10:20:00,2017-07-16,10:20,263,5047,5310,0
2017-07-16 10:30:00,2017-07-16,10:30,279,5031,5310,0
2017-07-16 10:40:00,2017-07-16,10:40,318,4992,5310,0
2017-07-16 10:50:00,2017-07-16,10:50,335,4975,5310,0
2017-07-16 11:00:00,2017-07-16,11:00,313,4997,5310,0
2017-07-16 11:10:00,2017-07-16,11:10,337,4973,5310,0
2017-07-16 11:20:00,2017-07-16,11:20,370,4940,5310,0
2017-07-16 11:30:00,2017-07-16,11:30,371,4939,5310,0
2017-07-16 11:40:00,2017-07-16,11:40,385,4925,5310,0
2017-07-16 11:50:00,2017-07-16,11:50,429,4881,5310,0
2017-07-16 12:00:00,2017-07-16,12:00,428,4882,5310,0
2017-07-16 12:10:00,2017-07-16,12:10,433,4877,5310,0
2017-07-16 12:20:00,2017-07-16,12:20,431,4879,5310,0
2017-07-16 12:30:00,2017-07-16,12:30,428,4882,5310,0
2017-07-16 12:40:00,2017-07-16,12:40,453,4857,5310,0
2017-07-16 12:50:00,2017-07-16,12:50,452,4858,5310,0
2017-07-16 13:00:00,2017-07-16,13:00,484,4826,5310,0
2017-07-16 13:10:00,2017-07-16,13:10,492,4818,5310,0
2017-07-16 13:20:00,2017-07-16,13:20,554,4756,5310,0
2017-07-16 13:30:00,2017-07-16,13:30,509,4801,5310,0
2017-07-16 13:40:00,2017-07-16,13:40,481,4829,5310,0
2017-07-16 13:50:00,2017-07-16,13:50,516,4794,5310,0
2017-07-16 14:00:00,2017-07-16,14:00,498,4812,5310,0
2017-07-16 14:10:00,2017-07-16,14:10,551,4759,5310,0
2017-07-16 14:20:00,2017-07-16,14:20,561,4749,5310,0
2017-07-16 14:30:00,2017-07-16,14:30,546,4764,5310,0
2017-07-16 14:40:00,2017-07-16,14:40,582,4728,5310,0
2017-07-16 14:50:00,2017-07-16,14:50,579,4731,5310,0
2017-07-16 15:00:00,2017-07-16,15:00,569,4741,5310,0
2017-07-16 15:10:00,2017-07-16,15:10,585,4725,5310,0
2017-07-16 15:20:00,2017-07-16,15:20,553,4757,5310,0
2017-07-16 15:30:00,2017-07-16,15:30,533,4777,5310,0
2017-07-16 15:40:00,2017-07-16,15:40,542,4768,5310,0
2017-07-16 15:50:00,2017-07-16,15:50,508,4802,5310,0
2017-07-16 16:00:00,2017-07-16,16:00,493,4817,5310,0
2017-07-16 16:10:00,2017-07-16,16:10,482,4828,5310,0
2017-07-16 16:20:00,2017-07-16,16:20,545,4765,5310,0
2017-07-16 16:30:00,2017-07-16,16:30,562,4748,5310,0
2017-07-16 16:40:00,2017-07-16,16:40,578,4732,5310,0
2017-07-16 16:50:00,2017-07-16,16:50,560,4750,5310,0
2017-07-16 17:00:00,2017-07-16,17:00,608,4702,5310,0
2017-07-16 17:10:00,2017-07-16,17:10,631,4679,5310,0
2017-07-16 17:20:00,2017-07-16,17:20,592,4718,5310,0
2017-07-16 17:30:00,2017-07-16,17:30,555,4755,5310,0
2017-07-16 17:40:00,2017-07-16,17:40,513,4797,5310,0
2017-07-16 17:50:00,2017-07-16,17:50,509,4801,5310,0
2017-07-16 18:00:00,2017-07-16,18:00,477,4833,5310,0
2017-07-16 18:10:00,2017-07-16,18:10,445,4865,5310,0
2017-07-16 18:20:00,2017-07-16,18:20,453,4857,5310,0
2017-07-16 18:30:00,2017-07-16,18:30,448,4862,5310,0
2017-07-16 18:40:00,2017-07-16,18:40,446,4864,5310,0
2017-07-16 18:50:00,2017-07-16,18:50,445,4865,5310,0
2017-07-16 19:00:00,2017-07-16,19:00,430,4880,5310,0
2017-07-16 19:10:00,2017-07-16,19:10,414,4896,5310,0
2017-07-16 19:20:00,2017-07-16,19:20,367,4943,5310,0
2017-07-16 19:30:00,2017-07-16,19:30,339,4971,5310,0
2017-07-16 19:40:00,2017-07-16,19:40,331,4979,5310,0
2017-07-16 19:50:00,2017-07-16,19:50,259,5051,5310,0
2017-07-16 20:00:00,2017-07-16,20:00,286,5024,5310,0
2017-07-16 20:10:00,2017-07-16,20:10,219,5091,5310,0
2017-07-16 20:20:00,2017-07-16,20:20,211,5099,5310,0
2017-07-16 20:30:00,2017-07-16,20:30,214,5096,5310,0
2017-07-16 20:40:00,2017-07-16,20:40,203,5107,5310,0
2017-07-16 20:50:00,2017-07-16,20:50,194,5116,5310,0
2017-07-16 21:00:00,2017-07-16,21:00,157,5153,5310,0
2017-07-16 21:10:00,2017-07-16,21:10,134,5176,5310,0
2017-07-16 21:20:00,2017-07-16,21:20,133,5177,5310,0
2017-07-16 21:30:00,2017-07-16,21:30,152,5158,5310,0
2017-07-16 21:40:00,2017-07-16,21:40,130,5180,5310,0
2017-07-16 21:50:00,2017-07-16,21:50,124,5186,5310,0
2017-07-16 22:00:00,2017-07-16,22:00,116,5194,5310,0
2017-07-16 22:10:00,2017-07-16,22:10,98,5212,5310,0
2017-07-16 22:20:00,2017-07-16,22:20,107,5203,5310,0
2017-07-16 22:30:00,2017-07-16,22:30,103,5207,5310,0
2017-07-16 22:40:00,2017-07-16,22:40,99,5211,5310,0
2017-07-16 22:50:00,2017-07-16,22:50,106,5204,5310,0
2017-07-16 23:00:00,2017-07-16,23:00,123,5187,5310,0
2017-07-16 23:10:00,2017-07-16,23:10,134,5176,5310,0
2017-07-16 23:20:00,2017-07-16,23:20,116,5194,5310,0
2017-07-16 23:30:00,2017-07-16,23:30,93,5217,5310,0
2017-07-16 23:40:00,2017-07-16,23:40,101,5209,5310,0
2017-07-16 23:50:00,2017-07-16,23:50,82,5228,5310,0
2017-07-17 00:00:00,2017-07-17,00:00,71,5239,5310,0
2017-07-17 00:10:00,2017-07-17,00:10,61,5249,5310,0
2017-07-17 00:20:00,2017-07-17,00:20,57,5253,5310,0
2017-07-17 00:30:00,2017-07-17,00:30,47,5263,5310,0
2017-07-17 00:40:00,2017-07-17,00:40,44,5266,5310,0
2017-07-17 00:50:00,2017-07-17,00:50,48,5262,5310,0
2017-07-17 01:00:00,2017-07-17,01:00,40,5270,5310,0
2017-07-17 01:10:00,2017-07-17,01:10,36,5274,5310,0
2017-07-17 01:20:00,2017-07-17,01:20,32,5278,5310,0
2017-07-17 01:30:00,2017-07-17,01:30,26,5284,5310,0
2017-07-17 01:40:00,2017-07-17,01:40,34,5276,5310,0
2017-07-17 01:50:00,2017-07-17,01:50,28,5282,5310,0
2017-07-17 02:00:00,2017-07-17,02:00,26,5284,5310,0
2017-07-17 02:10:00,2017-07-17,02:10,22,5288,5310,0
2017-07-17 02:20:00,2017-07-17,02:20,21,5289,5310,0
2017-07-17 02:30:00,2017-07-17,02:30,17,5293,5310,0
2017-07-17 02:40:00,2017-07-17,02:40,17,5293,5310,0
2017-07-17 02:50:00,2017-07-17,02:50,17,5293,5310,0
2017-07-17 03:00:00,2017-07-17,03:00,19,5291,5310,0
2017-07-17 03:10:00,2017-07-17,03:10,25,5285,5310,0
2017-07-17 03:20:00,2017-07-17,03:20,16,5294,5310,0
2017-07-17 03:30:00,2017-07-17,03:30,21,5289,5310,0
2017-07-17 03:40:00,2017-07-17,03:40,21,5289,5310,0
2017-07-17 03:50:00,2017-07-17,03:50,12,5298,5310,0
2017-07-17 04:00:00,2017-07-17,04:00,7,5303,5310,0
2017-07-17 04:10:00,2017-07-17,04:10,7,5303,5310,0
2017-07-17 04:20:00,2017-07-17,04:20,9,5301,5310,0
2017-07-17 04:30:00,2017-07-17,04:30,7,5303,5310,0
2017-07-17 04:40:00,2017-07-17,04:40,8,5302,5310,0
2017-07-17 04:50:00,2017-07-17,04:50,10,5300,5310,0
2017-07-17 05:00:00,2017-07-17,05:00,12,5298,5310,0
2017-07-17 05:10:00,2017-07-17,05:10,16,5294,5310,0
2017-07-17 05:20:00,2017-07-17,05:20,22,5288,5310,0
2017-07-17 05:30:00,2017-07-17,05:30,29,5281,5310,0
2017-07-17 05:40:00,2017-07-17,05:40,42,5268,5310,0
2017-07-17 05:50:00,2017-07-17,05:50,56,5254,5310,0
2017-07-17 06:00:00,2017-07-17,06:00,59,5251,5310,0
2017-07-17 06:10:00,2017-07-17,06:10,65,5245,5310,0
2017-07-17 06:20:00,2017-07-17,06:20,87,5223,5310,0
2017-07-17 06:30:00,2017-07-17,06:30,88,5222,5310,0
2017-07-17 06:40:00,2017-07-17,06:40,112,5198,5310,0
2017-07-17 06:50:00,2017-07-17,06:50,138,5172,5310,0
2017-07-17 07:00:00,2017-07-17,07:00,130,5180,5310,0
2017-07-17 07:10:00,2017-07-17,07:10,165,5145,5310,0
2017-07-17 07:20:00,2017-07-17,07:20,209,5101,5310,0
2017-07-17 07:30:00,2017-07-17,07:30,208,5102,5310,0
2017-07-17 07:40:00,2017-07-17,07:40,246,5064,5310,0
2017-07-17 07:50:00,2017-07-17,07:50,287,5023,5310,0
2017-07-17 08:00:00,2017-07-17,08:00,336,4974,5310,0
2017-07-17 08:10:00,2017-07-17,08:10,310,5000,5310,0
2017-07-17 08:20:00,2017-07-17,08:20,319,4991,5310,0
2017-07-17 08:30:00,2017-07-17,08:30,343,4967,5310,0
2017-07-17 08:40:00,2017-07-17,08:40,345,4965,5310,0
2017-07-17 08:50:00,2017-07-17,08:50,324,4986,5310,0
2017-07-17 09:00:00,2017-07-17,09:00,261,5049,5310,0
2017-07-17 09:10:00,2017-07-17,09:10,216,5094,5310,0
2017-07-17 09:20:00,2017-07-17,09:20,214,5096,5310,0
2017-07-17 09:30:00,2017-07-17,09:30,159,5151,5310,0
2017-07-17 09:40:00,2017-07-17,09:40,154,5156,5310,0
2017-07-17 09:50:00,2017-07-17,09:50,173,5137,5310,0
2017-07-17 10:00:00,2017-07-17,10:00,154,5156,5310,0
2017-07-17 10:10:00,2017-07-17,10:10,191,5119,5310,0
2017-07-17 10:20:00,2017-07-17,10:20,212,5098,5310,0
2017-07-17 10:30:00,2017-07-17,10:30,185,5125,5310,0
2017-07-17 10:40:00,2017-07-17,10:40,192,5118,5310,0
2017-07-17 10:50:00,2017-07-17,10:50,193,5117,5310,0
2017-07-17 11:00:00,2017-07-17,11:00,200,5110,5310,0
2017-07-17 11:10:00,2017-07-17,11:10,225,5085,5310,0
2017-07-17 11:20:00,2017-07-17,11:20,238,5072,5310,0
2017-07-17 11:30:00,2017-07-17,11:30,278,5032,5310,0
2017-07-17 11:40:00,2017-07-17,11:40,292,5018,5310,0
2017-07-17 11:50:00,2017-07-17,11:50,288,5022,5310,0
2017-07-17 12:00:00,2017-07-17,12:00,280,5030,5310,0
2017-07-17 12:10:00,2017-07-17,12:10,278,5032,5310,0
2017-07-17 12:20:00,2017-07-17,12:20,290,5020,5310,0
2017-07-17 12:30:00,2017-07-17,12:30,308,5002,5310,0
2017-07-17 12:40:00,2017-07-17,12:40,281,5029,5310,0
2017-07-17 12:50:00,2017-07-17,12:50,297,5013,5310,0
2017-07-17 13:00:00,2017-07-17,13:00,273,5037,5310,0
2017-07-17 13:10:00,2017-07-17,13:10,281,5029,5310,0
2017-07-17 13:20:00,2017-07-17,13:20,293,5017,5310,0
2017-07-17 13:30:00,2017-07-17,13:30,295,5015,5310,0
2017-07-17 13:40:00,2017-07-17,13:40,311,4999,5310,0
2017-07-17 13:50:00,2017-07-17,13:50,343,4967,5310,0
2017-07-17 14:00:00,2017-07-17,14:00,345,4965,5310,0
2017-07-17 14:10:00,2017-07-17,14:10,339,4971,5310,0
2017-07-17 14:20:00,2017-07-17,14:20,343,4967,5310,0
2017-07-17 14:30:00,2017-07-17,14:30,357,4953,5310,0
2017-07-17 14:40:00,2017-07-17,14:40,323,4987,5310,0
2017-07-17 14:50:00,2017-07-17,14:50,318,4992,5310,0
2017-07-17 15:00:00,2017-07-17,15:00,323,4987,5310,0
2017-07-17 15:10:00,2017-07-17,15:10,372,4938,5310,0
2017-07-17 15:20:00,2017-07-17,15:20,366,4944,5310,0
2017-07-17 15:30:00,2017-07-17,15:30,348,4962,5310,0
2017-07-17 15:40:00,2017-07-17,15:40,339,4971,5310,0
2017-07-17 15:50:00,2017-07-17,15:50,358,4952,5310,0
2017-07-17 16:00:00,2017-07-17,16:00,352,4958,5310,0
2017-07-17 16:10:00,2017-07-17,16:10,388,4922,5310,0
2017-07-17 16:20:00,2017-07-17,16:20,447,4863,5310,0
2017-07-17 16:30:00,2017-07-17,16:30,440,4870,5310,0
2017-07-17 16:40:00,2017-07-17,16:40,467,4843,5310,0
2017-07-17 16:50:00,2017-07-17,16:50,545,4765,5310,0
2017-07-17 17:00:00,2017-07-17,17:00,574,4736,5310,0
2017-07-17 17:10:00,2017-07-17,17:10,666,4644,5310,0
2017-07-17 17:20:00,2017-07-17,17:20,767,4543,5310,0
2017-07-17 17:30:00,2017-07-17,17:30,775,4535,5310,0
2017-07-17 17:40:00,2017-07-17,17:40,739,4571,5310,0
2017-07-17 17:50:00,2017-07-17,17:50,697,4613,5310,0
2017-07-17 18:00:00,2017-07-17,18:00,663,4647,5310,0
2017-07-17 18:10:00,2017-07-17,18:10,592,4718,5310,0
2017-07-17 18:20:00,2017-07-17,18:20,560,4750,5310,0
2017-07-17 18:30:00,2017-07-17,18:30,505,4805,5310,0
2017-07-17 18:40:00,2017-07-17,18:40,486,4824,5310,0
2017-07-17 18:50:00,2017-07-17,18:50,468,4842,5310,0
2017-07-17 19:00:00,2017-07-17,19:00,457,4853,5310,0
2017-07-17 19:10:00,2017-07-17,19:10,428,4882,5310,0
2017-07-17 19:20:00,2017-07-17,19:20,397,4913,5310,0
2017-07-17 19:30:00,2017-07-17,19:30,386,4924,5310,0
2017-07-17 19:40:00,2017-07-17,19:40,367,4943,5310,0
2017-07-17 19:50:00,2017-07-17,19:50,369,4941,5310,0
2017-07-17 20:00:00,2017-07-17,20:00,365,4945,5310,0
2017-07-17 20:10:00,2017-07-17,20:10,318,4992,5310,0
2017-07-17 20:20:00,2017-07-17,20:20,302,5008,5310,0
2017-07-17 20:30:00,2017-07-17,20:30,297,5013,5310,0
2017-07-17 20:40:00,2017-07-17,20:40,273,5037,5310,0
2017-07-17 20:50:00,2017-07-17,20:50,254,5056,5310,0
2017-07-17 21:00:00,2017-07-17,21:00,215,5095,5310,0
2017-07-17 21:10:00,2017-07-17,21:10,230,5080,5310,0
2017-07-17 21:20:00,2017-07-17,21:20,206,5104,5310,0
2017-07-17 21:30:00,2017-07-17,21:30,187,5123,5310,0
2017-07-17 21:40:00,2017-07-17,21:40,168,5142,5310,0
2017-07-17 21:50:00,2017-07-17,21:50,158,5152,5310,0
2017-07-17 22:00:00,2017-07-17,22:00,120,5190,5310,0
2017-07-17 22:10:00,2017-07-17,22:10,110,5200,5310,0
2017-07-17 22:20:00,2017-07-17,22:20,96,5214,5310,0
2017-07-17 22:30:00,2017-07-17,22:30,83,5227,5310,0
2017-07-17 22:40:00,2017-07-17,22:40,70,5240,5310,0
2017-07-17 22:50:00,2017-07-17,22:50,78,5232,5310,0
2017-07-17 23:00:00,2017-07-17,23:00,80,5230,5310,0
2017-07-17 23:10:00,2017-07-17,23:10,66,5244,5310,0
2017-07-17 23:20:00,2017-07-17,23:20,54,5256,5310,0
2017-07-17 23:30:00,2017-07-17,23:30,51,5259,5310,0
2017-07-17 23:40:00,2017-07-17,23:40,37,5273,5310,0
2017-07-17 23:50:00,2017-07-17,23:50,32,5278,5310,0
2017-07-18 00:00:00,2017-07-18,00:00,43,5267,5310,0
2017-07-18 00:10:00,2017-07-18,00:10,43,5267,5310,0
2017-07-18 00:20:00,2017-07-18,00:20,42,5268,5310,0
2017-07-18 00:30:00,2017-07-18,00:30,32,5278,5310,0
2017-07-18 00:40:00,2017-07-18,00:40,31,5279,5310,0
2017-07-18 00:50:00,2017-07-18,00:50,25,5285,5310,0
2017-07-18 01:00:00,2017-07-18,01:00,22,5288,5310,0
2017-07-18 01:10:00,2017-07-18,01:10,13,5297,5310,0
2017-07-18 01:20:00,2017-07-18,01:20,11,5299,5310,0
2017-07-18 01:30:00,2017-07-18,01:30,18,5292,5310,0
2017-07-18 01:40:00,2017-07-18,01:40,23,5287,5310,0
2017-07-18 01:50:00,2017-07-18,01:50,19,5291,5310,0
2017-07-18 02:00:00,2017-07-18,02:00,17,5293,5310,0
2017-07-18 02:10:00,2017-07-18,02:10,15,5295,5310,0
2017-07-18 02:20:00,2017-07-18,02:20,15,5295,5310,0
2017-07-18 02:30:00,2017-07-18,02:30,17,5293,5310,0
2017-07-18 02:40:00,2017-07-18,02:40,18,5292,5310,0
2017-07-18 02:50:00,2017-07-18,02:50,18,5292,5310,0
2017-07-18 03:00:00,2017-07-18,03:00,17,5293,5310,0
2017-07-18 03:10:00,2017-07-18,03:10,13,5297,5310,0
2017-07-18 03:20:00,2017-07-18,03:20,14,5296,5310,0
2017-07-18 03:30:00,2017-07-18,03:30,10,5300,5310,0
2017-07-18 03:40:00,2017-07-18,03:40,6,5304,5310,0
2017-07-18 03:50:00,2017-07-18,03:50,5,5305,5310,0
2017-07-18 04:00:00,2017-07-18,04:00,7,5303,5310,0
2017-07-18 04:10:00,2017-07-18,04:10,5,5305,5310,0
2017-07-18 04:20:00,2017-07-18,04:20,6,5304,5310,0
2017-07-18 04:30:00,2017-07-18,04:30,7,5303,5310,0
2017-07-18 04:40:00,2017-07-18,04:40,10,5300,5310,0
2017-07-18 04:50:00,2017-07-18,04:50,11,5299,5310,0
2017-07-18 05:00:00,2017-07-18,05:00,14,5296,5310,0
2017-07-18 05:10:00,2017-07-18,05:10,17,5293,5310,0
2017-07-18 05:20:00,2017-07-18,05:20,24,5286,5310,0
2017-07-18 05:30:00,2017-07-18,05:30,34,5276,5310,0
2017-07-18 05:40:00,2017-07-18,05:40,51,5259,5310,0
2017-07-18 05:50:00,2017-07-18,05:50,50,5260,5310,0
2017-07-18 06:00:00,2017-07-18,06:00,48,5262,5310,0
2017-07-18 06:10:00,2017-07-18,06:10,66,5244,5310,0
2017-07-18 06:20:00,2017-07-18,06:20,94,5216,5310,0
2017-07-18 06:30:00,2017-07-18,06:30,99,5211,5310,0
2017-07-18 06:40:00,2017-07-18,06:40,146,5164,5310,0
2017-07-18 06:50:00,2017-07-18,06:50,160,5150,5310,0
2017-07-18 07:00:00,2017-07-18,07:00,150,5160,5310,0
2017-07-18 07:10:00,2017-07-18,07:10,166,5144,5310,0
2017-07-18 07:20:00,2017-07-18,07:20,215,5095,5310,0
2017-07-18 07:30:00,2017-07-18,07:30,253,5057,5310,0
2017-07-18 07:40:00,2017-07-18,07:40,290,5020,5310,0
2017-07-18 07:50:00,2017-07-18,07:50,327,4983,5310,0
2017-07-18 08:00:00,2017-07-18,08:00,332,4978,5310,0
2017-07-18 08:10:00,2017-07-18,08:10,349,4961,5310,0
2017-07-18 08:20:00,2017-07-18,08:20,372,4938,5310,0
2017-07-18 08:30:00,2017-07-18,08:30,365,4945,5310,0
2017-07-18 08:40:00,2017-07-18,08:40,393,4917,5310,0
2017-07-18 08:50:00,2017-07-18,08:50,342,4968,5310,0
2017-07-18 09:00:00,2017-07-18,09:00,264,5046,5310,0
2017-07-18 09:10:00,2017-07-18,09:10,218,5092,5310,0
2017-07-18 09:20:00,2017-07-18,09:20,203,5107,5310,0
2017-07-18 09:30:00,2017-07-18,09:30,184,5126,5310,0
2017-07-18 09:40:00,2017-07-18,09:40,147,5163,5310,0
2017-07-18 09:50:00,2017-07-18,09:50,140,5170,5310,0
2017-07-18 10:00:00,2017-07-18,10:00,115,5195,5310,0
2017-07-18 10:10:00,2017-07-18,10:10,135,5175,5310,0
2017-07-18 10:20:00,2017-07-18,10:20,141,5169,5310,0
2017-07-18 10:30:00,2017-07-18,10:30,176,5134,5310,0
2017-07-18 10:40:00,2017-07-18,10:40,171,5139,5310,0
2017-07-18 10:50:00,2017-07-18,10:50,153,5157,5310,0
2017-07-18 11:00:00,2017-07-18,11:00,160,5150,5310,0
2017-07-18 11:10:00,2017-07-18,11:10,194,5116,5310,0
2017-07-18 11:20:00,2017-07-18,11:20,217,5093,5310,0
2017-07-18 11:30:00,2017-07-18,11:30,212,5098,5310,0
2017-07-18 11:40:00,2017-07-18,11:40,229,5081,5310,0
2017-07-18 11:50:00,2017-07-18,11:50,258,5052,5310,0
2017-07-18 12:00:00,2017-07-18,12:00,246,5064,5310,0
2017-07-18 12:10:00,2017-07-18,12:10,270,5040,5310,0
2017-07-18 12:20:00,2017-07-18,12:20,313,4997,5310,0
2017-07-18 12:30:00,2017-07-18,12:30,309,5001,5310,0
2017-07-18 12:40:00,2017-07-18,12:40,305,5005,5310,0
2017-07-18 12:50:00,2017-07-18,12:50,293,5017,5310,0
2017-07-18 13:00:00,2017-07-18,13:00,273,5037,5310,0
2017-07-18 13:10:00,2017-07-18,13:10,281,5029,5310,0
2017-07-18 13:20:00,2017-07-18,13:20,296,5014,5310,0
2017-07-18 13:30:00,2017-07-18,13:30,282,5028,5310,0
2017-07-18 13:40:00,2017-07-18,13:40,268,5042,5310,0
2017-07-18 13:50:00,2017-07-18,13:50,276,5034,5310,0
2017-07-18 14:00:00,2017-07-18,14:00,259,5051,5310,0
2017-07-18 14:10:00,2017-07-18,14:10,282,5028,5310,0
2017-07-18 14:20:00,2017-07-18,14:20,287,5023,5310,0
2017-07-18 14:30:00,2017-07-18,14:30,285,5025,5310,0
2017-07-18 14:40:00,2017-07-18,14:40,289,5021,5310,0
2017-07-18 14:50:00,2017-07-18,14:50,287,5023,5310,0
2017-07-18 15:00:00,2017-07-18,15:00,276,5034,5310,0
2017-07-18 15:10:00,2017-07-18,15:10,287,5023,5310,0
2017-07-18 15:20:00,2017-07-18,15:20,260,5050,5310,0
2017-07-18 15:30:00,2017-07-18,15:30,260,5050,5310,0
2017-07-18 15:40:00,2017-07-18,15:40,295,5015,5310,0
2017-07-18 15:50:00,2017-07-18,15:50,307,5003,5310,0
2017-07-18 16:00:00,2017-07-18,16:00,309,5001,5310,0
2017-07-18 16:10:00,2017-07-18,16:10,372,4938,5310,0
2017-07-18 16:20:00,2017-07-18,16:20,416,4894,5310,0
2017-07-18 16:30:00,2017-07-18,16:30,405,4905,5310,0
2017-07-18 16:40:00,2017-07-18,16:40,476,4834,5310,0
2017-07-18 16:50:00,2017-07-18,16:50,513,4797,5310,0
2017-07-18 17:00:00,2017-07-18,17:00,547,4763,5310,0
2017-07-18 17:10:00,2017-07-18,17:10,688,4622,5310,0
2017-07-18 17:20:00,2017-07-18,17:20,746,4564,5310,0
2017-07-18 17:30:00,2017-07-18,17:30,714,4596,5310,0
2017-07-18 17:40:00,2017-07-18,17:40,666,4644,5310,0
2017-07-18 17:50:00,2017-07-18,17:50,647,4663,5310,0
2017-07-18 18:00:00,2017-07-18,18:00,612,4698,5310,0
2017-07-18 18:10:00,2017-07-18,18:10,605,4705,5310,0
2017-07-18 18:20:00,2017-07-18,18:20,561,4749,5310,0
2017-07-18 18:30:00,2017-07-18,18:30,512,4798,5310,0
2017-07-18 18:40:00,2017-07-18,18:40,457,4853,5310,0
2017-07-18 18:50:00,2017-07-18,18:50,450,4860,5310,0
2017-07-18 19:00:00,2017-07-18,19:00,421,4889,5310,0
2017-07-18 19:10:00,2017-07-18,19:10,428,4882,5310,0
2017-07-18 19:20:00,2017-07-18,19:20,429,4881,5310,0
2017-07-18 19:30:00,2017-07-18,19:30,364,4946,5310,0
2017-07-18 19:40:00,2017-07-18,19:40,370,4940,5310,0
2017-07-18 19:50:00,2017-07-18,19:50,349,4961,5310,0
2017-07-18 20:00:00,2017-07-18,20:00,329,4981,5310,0
2017-07-18 20:10:00,2017-07-18,20:10,336,4974,5310,0
2017-07-18 20:20:00,2017-07-18,20:20,341,4969,5310,0
2017-07-18 20:30:00,2017-07-18,20:30,310,5000,5310,0
2017-07-18 20:40:00,2017-07-18,20:40,319,4991,5310,0
2017-07-18 20:50:00,2017-07-18,20:50,292,5018,5310,0
2017-07-18 21:00:00,2017-07-18,21:00,288,5022,5310,0
2017-07-18 21:10:00,2017-07-18,21:10,252,5058,5310,0
2017-07-18 21:20:00,2017-07-18,21:20,238,5072,5310,0
2017-07-18 21:30:00,2017-07-18,21:30,215,5095,5310,0
2017-07-18 21:40:00,2017-07-18,21:40,208,5102,5310,0
2017-07-18 21:50:00,2017-07-18,21:50,202,5108,5310,0
2017-07-18 22:00:00,2017-07-18,22:00,175,5135,5310,0
2017-07-18 22:10:00,2017-07-18,22:10,186,5124,5310,0
2017-07-18 22:20:00,2017-07-18,22:20,159,5151,5310,0
2017-07-18 22:30:00,2017-07-18,22:30,130,5180,5310,0
2017-07-18 22:40:00,2017-07-18,22:40,108,5202,5310,0
2017-07-18 22:50:00,2017-07-18,22:50,107,5203,5310,0
2017-07-18 23:00:00,2017-07-18,23:00,95,5215,5310,0
2017-07-18 23:10:00,2017-07-18,23:10,89,5221,5310,0
2017-07-18 23:20:00,2017-07-18,23:20,95,5215,5310,0
2017-07-18 23:30:00,2017-07-18,23:30,78,5232,5310,0
2017-07-18 23:40:00,2017-07-18,23:40,78,5232,5310,0
2017-07-18 23:50:00,2017-07-18,23:50,67,5243,5310,0
2017-07-19 00:00:00,2017-07-19,00:00,57,5253,5310,0
2017-07-19 00:10:00,2017-07-19,00:10,45,5265,5310,0
2017-07-19 00:20:00,2017-07-19,00:20,37,5273,5310,0
2017-07-19 00:30:00,2017-07-19,00:30,39,5271,5310,0
2017-07-19 00:40:00,2017-07-19,00:40,34,5276,5310,0
2017-07-19 00:50:00,2017-07-19,00:50,39,5271,5310,0
2017-07-19 01:00:00,2017-07-19,01:00,30,5280,5310,0
2017-07-19 01:10:00,2017-07-19,01:10,24,5286,5310,0
2017-07-19 01:20:00,2017-07-19,01:20,27,5283,5310,0
2017-07-19 01:30:00,2017-07-19,01:30,31,5279,5310,0
2017-07-19 01:40:00,2017-07-19,01:40,26,5284,5310,0
2017-07-19 01:50:00,2017-07-19,01:50,23,5287,5310,0
2017-07-19 02:00:00,2017-07-19,02:00,21,5289,5310,0
2017-07-19 02:10:00,2017-07-19,02:10,21,5289,5310,0
2017-07-19 02:20:00,2017-07-19,02:20,23,5287,5310,0
2017-07-19 02:30:00,2017-07-19,02:30,22,5288,5310,0
2017-07-19 02:40:00,2017-07-19,02:40,18,5292,5310,0
2017-07-19 02:50:00,2017-07-19,02:50,21,5289,5310,0
2017-07-19 03:00:00,2017-07-19,03:00,17,5293,5310,0
2017-07-19 03:10:00,2017-07-19,03:10,14,5296,5310,0
2017-07-19 03:20:00,2017-07-19,03:20,15,5295,5310,0
2017-07-19 03:30:00,2017-07-19,03:30,12,5298,5310,0
2017-07-19 03:40:00,2017-07-19,03:40,11,5299,5310,0
2017-07-19 03:50:00,2017-07-19,03:50,13,5297,5310,0
2017-07-19 04:00:00,2017-07-19,04:00,12,5298,5310,0
2017-07-19 04:10:00,2017-07-19,04:10,11,5299,5310,0
2017-07-19 04:20:00,2017-07-19,04:20,13,5297,5310,0
2017-07-19 04:30:00,2017-07-19,04:30,13,5297,5310,0
2017-07-19 04:40:00,2017-07-19,04:40,9,5301,5310,0
2017-07-19 04:50:00,2017-07-19,04:50,9,5301,5310,0
2017-07-19 05:00:00,2017-07-19,05:00,11,5299,5310,0
2017-07-19 05:10:00,2017-07-19,05:10,10,5300,5310,0
2017-07-19 05:20:00,2017-07-19,05:20,22,5288,5310,0
2017-07-19 05:30:00,2017-07-19,05:30,34,5276,5310,0
2017-07-19 05:40:00,2017-07-19,05:40,50,5260,5310,0
2017-07-19 05:50:00,2017-07-19,05:50,56,5254,5310,0
2017-07-19 06:00:00,2017-07-19,06:00,54,5256,5310,0
2017-07-19 06:10:00,2017-07-19,06:10,82,5228,5310,0
2017-07-19 06:20:00,2017-07-19,06:20,109,5201,5310,0
2017-07-19 06:30:00,2017-07-19,06:30,103,5207,5310,0
2017-07-19 06:40:00,2017-07-19,06:40,145,5165,5310,0
2017-07-19 06:50:00,2017-07-19,06:50,173,5137,5310,0
2017-07-19 07:00:00,2017-07-19,07:00,152,5158,5310,0
2017-07-19 07:10:00,2017-07-19,07:10,159,5151,5310,0
2017-07-19 07:20:00,2017-07-19,07:20,224,5086,5310,0
2017-07-19 07:30:00,2017-07-19,07:30,245,5065,5310,0
2017-07-19 07:40:00,2017-07-19,07:40,282,5028,5310,0
2017-07-19 07:50:00,2017-07-19,07:50,322,4988,5310,0
2017-07-19 08:00:00,2017-07-19,08:00,301,5009,5310,0
2017-07-19 08:10:00,2017-07-19,08:10,338,4972,5310,0
2017-07-19 08:20:00,2017-07-19,08:20,366,4944,5310,0
2017-07-19 08:30:00,2017-07-19,08:30,347,4963,5310,0
2017-07-19 08:40:00,2017-07-19,08:40,338,4972,5310,0
2017-07-19 08:50:00,2017-07-19,08:50,290,5020,5310,0
2017-07-19 09:00:00,2017-07-19,09:00,241,5069,5310,0
2017-07-19 09:10:00,2017-07-19,09:10,215,5095,5310,0
2017-07-19 09:20:00,2017-07-19,09:20,193,5117,5310,0
2017-07-19 09:30:00,2017-07-19,09:30,169,5141,5310,0
2017-07-19 09:40:00,2017-07-19,09:40,188,5122,5310,0
2017-07-19 09:50:00,2017-07-19,09:50,156,5154,5310,0
2017-07-19 10:00:00,2017-07-19,10:00,152,5158,5310,0
2017-07-19 10:10:00,2017-07-19,10:10,162,5148,5310,0
2017-07-19 10:20:00,2017-07-19,10:20,160,5150,5310,0
2017-07-19 10:30:00,2017-07-19,10:30,168,5142,5310,0
2017-07-19 10:40:00,2017-07-19,10:40,184,5126,5310,0
2017-07-19 10:50:00,2017-07-19,10:50,187,5123,5310,0
2017-07-19 11:00:00,2017-07-19,11:00,187,5123,5310,0
2017-07-19 11:10:00,2017-07-19,11:10,192,5118,5310,0
2017-07-19 11:20:00,2017-07-19,11:20,222,5088,5310,0
2017-07-19 11:30:00,2017-07-19,11:30,197,5113,5310,0
2017-07-19 11:40:00,2017-07-19,11:40,224,5086,5310,0
2017-07-19 11:50:00,2017-07-19,11:50,209,5101,5310,0
2017-07-19 12:00:00,2017-07-19,12:00,194,5116,5310,0
2017-07-19 12:10:00,2017-07-19,12:10,210,5100,5310,0
2017-07-19 12:20:00,2017-07-19,12:20,233,5077,5310,0
2017-07-19 12:30:00,2017-07-19,12:30,215,5095,5310,0
2017-07-19 12:40:00,2017-07-19,12:40,246,5064,5310,0
2017-07-19 12:50:00,2017-07-19,12:50,232,5078,5310,0
2017-07-19 13:00:00,2017-07-19,13:00,223,5087,5310,0
2017-07-19 13:10:00,2017-07-19,13:10,263,5047,5310,0
2017-07-19 13:20:00,2017-07-19,13:20,258,5052,5310,0
2017-07-19 13:30:00,2017-07-19,13:30,266,5044,5310,0
2017-07-19 13:40:00,2017-07-19,13:40,265,5045,5310,0
2017-07-19 13:50:00,2017-07-19,13:50,258,5052,5310,0
2017-07-19 14:00:00,2017-07-19,14:00,248,5062,5310,0
2017-07-19 14:10:00,2017-07-19,14:10,272,5038,5310,0
2017-07-19 14:20:00,2017-07-19,14:20,282,5028,5310,0
2017-07-19 14:30:00,2017-07-19,14:30,250,5060,5310,0
2017-07-19 14:40:00,2017-07-19,14:40,233,5077,5310,0
2017-07-19 14:50:00,2017-07-19,14:50,268,5042,5310,0
2017-07-19 15:00:00,2017-07-19,15:00,251,5059,5310,0
2017-07-19 15:10:00,2017-07-19,15:10,245,5065,5310,0
2017-07-19 15:20:00,2017-07-19,15:20,273,5037,5310,0
2017-07-19 15:30:00,2017-07-19,15:30,300,5010,5310,0
2017-07-19 15:40:00,2017-07-19,15:40,305,5005,5310,0
2017-07-19 15:50:00,2017-07-19,15:50,330,4980,5310,0
2017-07-19 16:00:00,2017-07-19,16:00,334,4976,5310,0
2017-07-19 16:10:00,2017-07-19,16:10,336,4974,5310,0
2017-07-19 16:20:00,2017-07-19,16:20,372,4938,5310,0
2017-07-19 16:30:00,2017-07-19,16:30,381,4929,5310,0
2017-07-19 16:40:00,2017-07-19,16:40,426,4884,5310,0
2017-07-19 16:50:00,2017-07-19,16:50,474,4836,5310,0
2017-07-19 17:00:00,2017-07-19,17:00,502,4808,5310,0
2017-07-19 17:10:00,2017-07-19,17:10,611,4699,5310,0
2017-07-19 17:20:00,2017-07-19,17:20,662,4648,5310,0
2017-07-19 17:30:00,2017-07-19,17:30,683,4627,5310,0
2017-07-19 17:40:00,2017-07-19,17:40,627,4683,5310,0
2017-07-19 17:50:00,2017-07-19,17:50,634,4676,5310,0
2017-07-19 18:00:00,2017-07-19,18:00,597,4713,5310,0
2017-07-19 18:10:00,2017-07-19,18:10,584,4726,5310,0
2017-07-19 18:20:00,2017-07-19,18:20,553,4757,5310,0
2017-07-19 18:30:00,2017-07-19,18:30,472,4838,5310,0
2017-07-19 18:40:00,2017-07-19,18:40,423,4887,5310,0
2017-07-19 18:50:00,2017-07-19,18:50,454,4856,5310,0
2017-07-19 19:00:00,2017-07-19,19:00,424,4886,5310,0
2017-07-19 19:10:00,2017-07-19,19:10,405,4905,5310,0
2017-07-19 19:20:00,2017-07-19,19:20,353,4957,5310,0
2017-07-19 19:30:00,2017-07-19,19:30,367,4943,5310,0
2017-07-19 19:40:00,2017-07-19,19:40,350,4960,5310,0
2017-07-19 19:50:00,2017-07-19,19:50,319,4991,5310,0
2017-07-19 20:00:00,2017-07-19,20:00,278,5032,5310,0
2017-07-19 20:10:00,2017-07-19,20:10,275,5035,5310,0
2017-07-19 20:20:00,2017-07-19,20:20,256,5054,5310,0
2017-07-19 20:30:00,2017-07-19,20:30,266,5044,5310,0
2017-07-19 20:40:00,2017-07-19,20:40,263,5047,5310,0
2017-07-19 20:50:00,2017-07-19,20:50,253,5057,5310,0
2017-07-19 21:00:00,2017-07-19,21:00,236,5074,5310,0
2017-07-19 21:10:00,2017-07-19,21:10,229,5081,5310,0
2017-07-19 21:20:00,2017-07-19,21:20,219,5091,5310,0
2017-07-19 21:30:00,2017-07-19,21:30,170,5140,5310,0
2017-07-19 21:40:00,2017-07-19,21:40,173,5137,5310,0
2017-07-19 21:50:00,2017-07-19,21:50,180,5130,5310,0
2017-07-19 22:00:00,2017-07-19,22:00,169,5141,5310,0
2017-07-19 22:10:00,2017-07-19,22:10,117,5193,5310,0
2017-07-19 22:20:00,2017-07-19,22:20,56,5254,5310,0
2017-07-19 22:30:00,2017-07-19,22:30,43,5267,5310,0
2017-07-19 22:40:00,2017-07-19,22:40,24,5286,5310,0
2017-07-19 22:50:00,2017-07-19,22:50,14,5296,5310,0
2017-07-19 23:00:00,2017-07-19,23:00,16,5294,5310,0
2017-07-19 23:10:00,2017-07-19,23:10,16,5294,5310,0
2017-07-19 23:20:00,2017-07-19,23:20,5,5305,5310,0
2017-07-19 23:30:00,2017-07-19,23:30,4,5306,5310,0
2017-07-19 23:40:00,2017-07-19,23:40,10,5300,5310,0
2017-07-19 23:50:00,2017-07-19,23:50,19,5291,5310,0
2017-07-20 00:00:00,2017-07-20,00:00,12,5298,5310,0
2017-07-20 00:10:00,2017-07-20,00:10,12,5298,5310,0
2017-07-20 00:20:00,2017-07-20,00:20,12,5298,5310,0
2017-07-20 00:30:00,2017-07-20,00:30,9,5301,5310,0
2017-07-20 00:40:00,2017-07-20,00:40,13,5297,5310,0
2017-07-20 00:50:00,2017-07-20,00:50,10,5300,5310,0
2017-07-20 01:00:00,2017-07-20,01:00,11,5299,5310,0
2017-07-20 01:10:00,2017-07-20,01:10,13,5297,5310,0
2017-07-20 01:20:00,2017-07-20,01:20,8,5302,5310,0
2017-07-20 01:30:00,2017-07-20,01:30,7,5303,5310,0
2017-07-20 01:40:00,2017-07-20,01:40,2,5308,5310,0
2017-07-20 01:50:00,2017-07-20,01:50,6,5304,5310,0
2017-07-20 02:00:00,2017-07-20,02:00,9,5301,5310,0
2017-07-20 02:10:00,2017-07-20,02:10,8,5302,5310,0
2017-07-20 02:20:00,2017-07-20,02:20,7,5303,5310,0
2017-07-20 02:30:00,2017-07-20,02:30,6,5304,5310,0
2017-07-20 02:40:00,2017-07-20,02:40,5,5305,5310,0
2017-07-20 02:50:00,2017-07-20,02:50,3,5307,5310,0
2017-07-20 03:00:00,2017-07-20,03:00,5,5305,5310,0
2017-07-20 03:10:00,2017-07-20,03:10,4,5306,5310,0
2017-07-20 03:20:00,2017-07-20,03:20,6,5304,5310,0
2017-07-20 03:30:00,2017-07-20,03:30,3,5307,5310,0
2017-07-20 03:40:00,2017-07-20,03:40,2,5308,5310,0
2017-07-20 03:50:00,2017-07-20,03:50,6,5304,5310,0
2017-07-20 04:00:00,2017-07-20,04:00,4,5306,5310,0
2017-07-20 04:10:00,2017-07-20,04:10,3,5307,5310,0
2017-07-20 04:20:00,2017-07-20,04:20,3,5307,5310,0
2017-07-20 04:30:00,2017-07-20,04:30,3,5307,5310,0
2017-07-20 04:40:00,2017-07-20,04:40,3,5307,5310,0
2017-07-20 04:50:00,2017-07-20,04:50,3,5307,5310,0
2017-07-20 05:00:00,2017-07-20,05:00,2,5308,5310,0
2017-07-20 05:10:00,2017-07-20,05:10,8,5302,5310,0
2017-07-20 05:20:00,2017-07-20,05:20,18,5292,5310,0
2017-07-20 05:30:00,2017-07-20,05:30,14,5296,5310,0
2017-07-20 05:40:00,2017-07-20,05:40,13,5297,5310,0
2017-07-20 05:50:00,2017-07-20,05:50,11,5299,5310,0
2017-07-20 06:00:00,2017-07-20,06:00,7,5303,5310,0
2017-07-20 06:10:00,2017-07-20,06:10,4,5306,5310,0
2017-07-20 06:20:00,2017-07-20,06:20,8,5302,5310,0
2017-07-20 06:30:00,2017-07-20,06:30,10,5300,5310,0
2017-07-20 06:40:00,2017-07-20,06:40,11,5299,5310,0
2017-07-20 06:50:00,2017-07-20,06:50,17,5293,5310,0
2017-07-20 07:00:00,2017-07-20,07:00,16,5294,5310,0
2017-07-20 07:10:00,2017-07-20,07:10,19,5291,5310,0
2017-07-20 07:20:00,2017-07-20,07:20,22,5288,5310,0
2017-07-20 07:30:00,2017-07-20,07:30,21,5289,5310,0
2017-07-20 07:40:00,2017-07-20,07:40,15,5295,5310,0
2017-07-20 07:50:00,2017-07-20,07:50,36,5274,5310,0
2017-07-20 08:00:00,2017-07-20,08:00,17,5293,5310,0
2017-07-20 08:10:00,2017-07-20,08:10,22,5288,5310,0
2017-07-20 08:20:00,2017-07-20,08:20,27,5283,5310,0
2017-07-20 08:30:00,2017-07-20,08:30,24,5286,5310,0
2017-07-20 08:40:00,2017-07-20,08:40,47,5263,5310,0
2017-07-20 08:50:00,2017-07-20,08:50,95,5215,5310,0
2017-07-20 09:00:00,2017-07-20,09:00,101,5209,5310,0
2017-07-20 09:10:00,2017-07-20,09:10,104,5206,5310,0
2017-07-20 09:20:00,2017-07-20,09:20,98,5212,5310,0
2017-07-20 09:30:00,2017-07-20,09:30,95,5215,5310,0
2017-07-20 09:40:00,2017-07-20,09:40,78,5232,5310,0
2017-07-20 09:50:00,2017-07-20,09:50,96,5214,5310,0
2017-07-20 10:00:00,2017-07-20,10:00,89,5221,5310,0
2017-07-20 10:10:00,2017-07-20,10:10,67,5243,5310,0
2017-07-20 10:20:00,2017-07-20,10:20,61,5249,5310,0
2017-07-20 10:30:00,2017-07-20,10:30,74,5236,5310,0
2017-07-20 10:40:00,2017-07-20,10:40,81,5229,5310,0
2017-07-20 10:50:00,2017-07-20,10:50,91,5219,5310,0
2017-07-20 11:00:00,2017-07-20,11:00,116,5194,5310,0
2017-07-20 11:10:00,2017-07-20,11:10,115,5195,5310,0
2017-07-20 11:20:00,2017-07-20,11:20,111,5199,5310,0
2017-07-20 11:30:00,2017-07-20,11:30,105,5205,5310,0
2017-07-20 11:40:00,2017-07-20,11:40,130,5180,5310,0
2017-07-20 11:50:00,2017-07-20,11:50,144,5166,5310,0
2017-07-20 12:00:00,2017-07-20,12:00,152,5158,5310,0
2017-07-20 12:10:00,2017-07-20,12:10,184,5126,5310,0
2017-07-20 12:20:00,2017-07-20,12:20,169,5141,5310,0
2017-07-20 12:30:00,2017-07-20,12:30,151,5159,5310,0
2017-07-20 12:40:00,2017-07-20,12:40,168,5142,5310,0
2017-07-20 12:50:00,2017-07-20,12:50,183,5127,5310,0
2017-07-20 13:00:00,2017-07-20,13:00,175,5135,5310,0
2017-07-20 13:10:00,2017-07-20,13:10,178,5132,5310,0
2017-07-20 13:20:00,2017-07-20,13:20,186,5124,5310,0
2017-07-20 13:30:00,2017-07-20,13:30,174,5136,5310,0
2017-07-20 13:40:00,2017-07-20,13:40,176,5134,5310,0
2017-07-20 13:50:00,2017-07-20,13:50,162,5148,5310,0
2017-07-20 14:00:00,2017-07-20,14:00,192,5118,5310,0
2017-07-20 14:10:00,2017-07-20,14:10,231,5079,5310,0
2017-07-20 14:20:00,2017-07-20,14:20,206,5104,5310,0
2017-07-20 14:30:00,2017-07-20,14:30,233,5077,5310,0
2017-07-20 14:40:00,2017-07-20,14:40,197,5113,5310,0
2017-07-20 14:50:00,2017-07-20,14:50,189,5121,5310,0
2017-07-20 15:00:00,2017-07-20,15:00,201,5109,5310,0
2017-07-20 15:10:00,2017-07-20,15:10,213,5097,5310,0
2017-07-20 15:20:00,2017-07-20,15:20,248,5062,5310,0
2017-07-20 15:30:00,2017-07-20,15:30,252,5058,5310,0
2017-07-20 15:40:00,2017-07-20,15:40,241,5069,5310,0
2017-07-20 15:50:00,2017-07-20,15:50,236,5074,5310,0
2017-07-20 16:00:00,2017-07-20,16:00,248,5062,5310,0
2017-07-20 16:10:00,2017-07-20,16:10,287,5023,5310,0
2017-07-20 16:20:00,2017-07-20,16:20,344,4966,5310,0
2017-07-20 16:30:00,2017-07-20,16:30,353,4957,5310,0
2017-07-20 16:40:00,2017-07-20,16:40,369,4941,5310,0
2017-07-20 16:50:00,2017-07-20,16:50,385,4925,5310,0
2017-07-20 17:00:00,2017-07-20,17:00,379,4931,5310,0
2017-07-20 17:10:00,2017-07-20,17:10,456,4854,5310,0
2017-07-20 17:20:00,2017-07-20,17:20,521,4789,5310,0
2017-07-20 17:30:00,2017-07-20,17:30,553,4757,5310,0
2017-07-20 17:40:00,2017-07-20,17:40,499,4811,5310,0
2017-07-20 17:50:00,2017-07-20,17:50,448,4862,5310,0
2017-07-20 18:00:00,2017-07-20,18:00,403,4907,5310,0
2017-07-20 18:10:00,2017-07-20,18:10,428,4882,5310,0
2017-07-20 18:20:00,2017-07-20,18:20,359,4951,5310,0
2017-07-20 18:30:00,2017-07-20,18:30,328,4982,5310,0
2017-07-20 18:40:00,2017-07-20,18:40,339,4971,5310,0
2017-07-20 18:50:00,2017-07-20,18:50,305,5005,5310,0
2017-07-20 19:00:00,2017-07-20,19:00,295,5015,5310,0
2017-07-20 19:10:00,2017-07-20,19:10,284,5026,5310,0
2017-07-20 19:20:00,2017-07-20,19:20,298,5012,5310,0
2017-07-20 19:30:00,2017-07-20,19:30,278,5032,5310,0
2017-07-20 19:40:00,2017-07-20,19:40,250,5060,5310,0
2017-07-20 19:50:00,2017-07-20,19:50,234,5076,5310,0
2017-07-20 20:00:00,2017-07-20,20:00,218,5092,5310,0
2017-07-20 20:10:00,2017-07-20,20:10,234,5076,5310,0
2017-07-20 20:20:00,2017-07-20,20:20,203,5107,5310,0
2017-07-20 20:30:00,2017-07-20,20:30,186,5124,5310,0
2017-07-20 20:40:00,2017-07-20,20:40,215,5095,5310,0
2017-07-20 20:50:00,2017-07-20,20:50,181,5129,5310,0
2017-07-20 21:00:00,2017-07-20,21:00,167,5143,5310,0
2017-07-20 21:10:00,2017-07-20,21:10,149,5161,5310,0
2017-07-20 21:20:00,2017-07-20,21:20,153,5157,5310,0
2017-07-20 21:30:00,2017-07-20,21:30,164,5146,5310,0
2017-07-20 21:40:00,2017-07-20,21:40,138,5172,5310,0
2017-07-20 21:50:00,2017-07-20,21:50,109,5201,5310,0
2017-07-20 22:00:00,2017-07-20,22:00,116,5194,5310,0
2017-07-20 22:10:00,2017-07-20,22:10,121,5189,5310,0
2017-07-20 22:20:00,2017-07-20,22:20,98,5212,5310,0
2017-07-20 22:30:00,2017-07-20,22:30,97,5213,5310,0
2017-07-20 22:40:00,2017-07-20,22:40,78,5232,5310,0
2017-07-20 22:50:00,2017-07-20,22:50,82,5228,5310,0
2017-07-20 23:00:00,2017-07-20,23:00,82,5228,5310,0
2017-07-20 23:10:00,2017-07-20,23:10,60,5250,5310,0
2017-07-20 23:20:00,2017-07-20,23:20,63,5247,5310,0
2017-07-20 23:30:00,2017-07-20,23:30,63,5247,5310,0
2017-07-20 23:40:00,2017-07-20,23:40,52,5258,5310,0
2017-07-20 23:50:00,2017-07-20,23:50,47,5263,5310,0
2017-07-21 00:00:00,2017-07-21,00:00,56,5254,5310,0
2017-07-21 00:10:00,2017-07-21,00:10,45,5265,5310,0
2017-07-21 00:20:00,2017-07-21,00:20,41,5269,5310,0
2017-07-21 00:30:00,2017-07-21,00:30,48,5262,5310,0
2017-07-21 00:40:00,2017-07-21,00:40,37,5273,5310,0
2017-07-21 00:50:00,2017-07-21,00:50,34,5276,5310,0
2017-07-21 01:00:00,2017-07-21,01:00,37,5273,5310,0
2017-07-21 01:10:00,2017-07-21,01:10,21,5289,5310,0
2017-07-21 01:20:00,2017-07-21,01:20,27,5283,5310,0
2017-07-21 01:30:00,2017-07-21,01:30,19,5291,5310,0
2017-07-21 01:40:00,2017-07-21,01:40,17,5293,5310,0
2017-07-21 01:50:00,2017-07-21,01:50,18,5292,5310,0
2017-07-21 02:00:00,2017-07-21,02:00,13,5297,5310,0
2017-07-21 02:10:00,2017-07-21,02:10,18,5292,5310,0
2017-07-21 02:20:00,2017-07-21,02:20,18,5292,5310,0
2017-07-21 02:30:00,2017-07-21,02:30,18,5292,5310,0
2017-07-21 02:40:00,2017-07-21,02:40,14,5296,5310,0
2017-07-21 02:50:00,2017-07-21,02:50,11,5299,5310,0
2017-07-21 03:00:00,2017-07-21,03:00,9,5301,5310,0
2017-07-21 03:10:00,2017-07-21,03:10,9,5301,5310,0
2017-07-21 03:20:00,2017-07-21,03:20,7,5303,5310,0
2017-07-21 03:30:00,2017-07-21,03:30,6,5304,5310,0
2017-07-21 03:40:00,2017-07-21,03:40,6,5304,5310,0
2017-07-21 03:50:00,2017-07-21,03:50,7,5303,5310,0
2017-07-21 04:00:00,2017-07-21,04:00,9,5301,5310,0
2017-07-21 04:10:00,2017-07-21,04:10,5,5305,5310,0
2017-07-21 04:20:00,2017-07-21,04:20,5,5305,5310,0
2017-07-21 04:30:00,2017-07-21,04:30,3,5307,5310,0
2017-07-21 04:40:00,2017-07-21,04:40,8,5302,5310,0
2017-07-21 04:50:00,2017-07-21,04:50,9,5301,5310,0
2017-07-21 05:00:00,2017-07-21,05:00,10,5300,5310,0
2017-07-21 05:10:00,2017-07-21,05:10,11,5299,5310,0
2017-07-21 05:20:00,2017-07-21,05:20,23,5287,5310,0
2017-07-21 05:30:00,2017-07-21,05:30,30,5280,5310,0
2017-07-21 05:40:00,2017-07-21,05:40,42,5268,5310,0
2017-07-21 05:50:00,2017-07-21,05:50,48,5262,5310,0
2017-07-21 06:00:00,2017-07-21,06:00,40,5270,5310,0
2017-07-21 06:10:00,2017-07-21,06:10,49,5261,5310,0
2017-07-21 06:20:00,2017-07-21,06:20,70,5240,5310,0
2017-07-21 06:30:00,2017-07-21,06:30,73,5237,5310,0
2017-07-21 06:40:00,2017-07-21,06:40,101,5209,5310,0
2017-07-21 06:50:00,2017-07-21,06:50,132,5178,5310,0
2017-07-21 07:00:00,2017-07-21,07:00,125,5185,5310,0
2017-07-21 07:10:00,2017-07-21,07:10,140,5170,5310,0
2017-07-21 07:20:00,2017-07-21,07:20,200,5110,5310,0
2017-07-21 07:30:00,2017-07-21,07:30,202,5108,5310,0
2017-07-21 07:40:00,2017-07-21,07:40,258,5052,5310,0
2017-07-21 07:50:00,2017-07-21,07:50,296,5014,5310,0
2017-07-21 08:00:00,2017-07-21,08:00,266,5044,5310,0
2017-07-21 08:10:00,2017-07-21,08:10,278,5032,5310,0
2017-07-21 08:20:00,2017-07-21,08:20,274,5036,5310,0
2017-07-21 08:30:00,2017-07-21,08:30,290,5020,5310,0
2017-07-21 08:40:00,2017-07-21,08:40,269,5041,5310,0
2017-07-21 08:50:00,2017-07-21,08:50,293,5017,5310,0
2017-07-21 09:00:00,2017-07-21,09:00,224,5086,5310,0
2017-07-21 09:10:00,2017-07-21,09:10,208,5102,5310,0
2017-07-21 09:20:00,2017-07-21,09:20,197,5113,5310,0
2017-07-21 09:30:00,2017-07-21,09:30,152,5158,5310,0
2017-07-21 09:40:00,2017-07-21,09:40,163,5147,5310,0
2017-07-21 09:50:00,2017-07-21,09:50,173,5137,5310,0
2017-07-21 10:00:00,2017-07-21,10:00,148,5162,5310,0
2017-07-21 10:10:00,2017-07-21,10:10,157,5153,5310,0
2017-07-21 10:20:00,2017-07-21,10:20,171,5139,5310,0
2017-07-21 10:30:00,2017-07-21,10:30,185,5125,5310,0
2017-07-21 10:40:00,2017-07-21,10:40,188,5122,5310,0
2017-07-21 10:50:00,2017-07-21,10:50,187,5123,5310,0
2017-07-21 11:00:00,2017-07-21,11:00,231,5079,5310,0
2017-07-21 11:10:00,2017-07-21,11:10,219,5091,5310,0
2017-07-21 11:20:00,2017-07-21,11:20,242,5068,5310,0
2017-07-21 11:30:00,2017-07-21,11:30,237,5073,5310,0
2017-07-21 11:40:00,2017-07-21,11:40,248,5062,5310,0
2017-07-21 11:50:00,2017-07-21,11:50,250,5060,5310,0
2017-07-21 12:00:00,2017-07-21,12:00,229,5081,5310,0
2017-07-21 12:10:00,2017-07-21,12:10,308,5002,5310,0
2017-07-21 12:20:00,2017-07-21,12:20,295,5015,5310,0
2017-07-21 12:30:00,2017-07-21,12:30,282,5028,5310,0
2017-07-21 12:40:00,2017-07-21,12:40,282,5028,5310,0
2017-07-21 12:50:00,2017-07-21,12:50,289,5021,5310,0
2017-07-21 13:00:00,2017-07-21,13:00,284,5026,5310,0
2017-07-21 13:10:00,2017-07-21,13:10,319,4991,5310,0
2017-07-21 13:20:00,2017-07-21,13:20,334,4976,5310,0
2017-07-21 13:30:00,2017-07-21,13:30,315,4995,5310,0
2017-07-21 13:40:00,2017-07-21,13:40,324,4986,5310,0
2017-07-21 13:50:00,2017-07-21,13:50,308,5002,5310,0
2017-07-21 14:00:00,2017-07-21,14:00,301,5009,5310,0
2017-07-21 14:10:00,2017-07-21,14:10,342,4968,5310,0
2017-07-21 14:20:00,2017-07-21,14:20,320,4990,5310,0
2017-07-21 14:30:00,2017-07-21,14:30,292,5018,5310,0
2017-07-21 14:40:00,2017-07-21,14:40,318,4992,5310,0
2017-07-21 14:50:00,2017-07-21,14:50,309,5001,5310,0
2017-07-21 15:00:00,2017-07-21,15:00,280,5030,5310,0
2017-07-21 15:10:00,2017-07-21,15:10,310,5000,5310,0
2017-07-21 15:20:00,2017-07-21,15:20,318,4992,5310,0
2017-07-21 15:30:00,2017-07-21,15:30,339,4971,5310,0
2017-07-21 15:40:00,2017-07-21,15:40,381,4929,5310,0
2017-07-21 15:50:00,2017-07-21,15:50,341,4969,5310,0
2017-07-21 16:00:00,2017-07-21,16:00,344,4966,5310,0
2017-07-21 16:10:00,2017-07-21,16:10,406,4904,5310,0
2017-07-21 16:20:00,2017-07-21,16:20,417,4893,5310,0
2017-07-21 16:30:00,2017-07-21,16:30,440,4870,5310,0
2017-07-21 16:40:00,2017-07-21,16:40,452,4858,5310,0
2017-07-21 16:50:00,2017-07-21,16:50,321,4989,5310,0
2017-07-21 17:00:00,2017-07-21,17:00,375,4935,5310,0
2017-07-21 17:10:00,2017-07-21,17:10,309,5001,5310,0
2017-07-21 17:20:00,2017-07-21,17:20,295,5015,5310,0
2017-07-21 17:30:00,2017-07-21,17:30,196,5114,5310,0
2017-07-21 17:40:00,2017-07-21,17:40,124,5186,5310,0
2017-07-21 17:50:00,2017-07-21,17:50,160,5150,5310,0
2017-07-21 18:00:00,2017-07-21,18:00,216,5094,5310,0
2017-07-21 18:10:00,2017-07-21,18:10,236,5074,5310,0
2017-07-21 18:20:00,2017-07-21,18:20,252,5058,5310,0
2017-07-21 18:30:00,2017-07-21,18:30,231,5079,5310,0
2017-07-21 18:40:00,2017-07-21,18:40,244,5066,5310,0
2017-07-21 18:50:00,2017-07-21,18:50,212,5098,5310,0
2017-07-21 19:00:00,2017-07-21,19:00,215,5095,5310,0
2017-07-21 19:10:00,2017-07-21,19:10,221,5089,5310,0
2017-07-21 19:20:00,2017-07-21,19:20,238,5072,5310,0
2017-07-21 19:30:00,2017-07-21,19:30,200,5110,5310,0
2017-07-21 19:40:00,2017-07-21,19:40,190,5120,5310,0
2017-07-21 19:50:00,2017-07-21,19:50,189,5121,5310,0
2017-07-21 20:00:00,2017-07-21,20:00,177,5133,5310,0
2017-07-21 20:10:00,2017-07-21,20:10,171,5139,5310,0
2017-07-21 20:20:00,2017-07-21,20:20,172,5138,5310,0
2017-07-21 20:30:00,2017-07-21,20:30,170,5140,5310,0
2017-07-21 20:40:00,2017-07-21,20:40,178,5132,5310,0
2017-07-21 20:50:00,2017-07-21,20:50,113,5197,5310,0
2017-07-21 21:00:00,2017-07-21,21:00,81,5229,5310,0
2017-07-21 21:10:00,2017-07-21,21:10,61,5249,5310,0
2017-07-21 21:20:00,2017-07-21,21:20,49,5261,5310,0
2017-07-21 21:30:00,2017-07-21,21:30,49,5261,5310,0
2017-07-21 21:40:00,2017-07-21,21:40,41,5269,5310,0
2017-07-21 21:50:00,2017-07-21,21:50,40,5270,5310,0
2017-07-21 22:00:00,2017-07-21,22:00,42,5268,5310,0
2017-07-21 22:10:00,2017-07-21,22:10,45,5265,5310,0
2017-07-21 22:20:00,2017-07-21,22:20,52,5258,5310,0
2017-07-21 22:30:00,2017-07-21,22:30,44,5266,5310,0
2017-07-21 22:40:00,2017-07-21,22:40,35,5275,5310,0
2017-07-21 22:50:00,2017-07-21,22:50,28,5282,5310,0
2017-07-21 23:00:00,2017-07-21,23:00,28,5282,5310,0
2017-07-21 23:10:00,2017-07-21,23:10,30,5280,5310,0
2017-07-21 23:20:00,2017-07-21,23:20,22,5288,5310,0
2017-07-21 23:30:00,2017-07-21,23:30,21,5289,5310,0
2017-07-21 23:40:00,2017-07-21,23:40,21,5289,5310,0
2017-07-21 23:50:00,2017-07-21,23:50,17,5293,5310,0
2017-07-22 00:00:00,2017-07-22,00:00,19,5291,5310,0
2017-07-22 00:10:00,2017-07-22,00:10,17,5293,5310,0
2017-07-22 00:20:00,2017-07-22,00:20,16,5294,5310,0
2017-07-22 00:30:00,2017-07-22,00:30,20,5290,5310,0
2017-07-22 00:40:00,2017-07-22,00:40,22,5288,5310,0
2017-07-22 00:50:00,2017-07-22,00:50,23,5287,5310,0
2017-07-22 01:00:00,2017-07-22,01:00,22,5288,5310,0
2017-07-22 01:10:00,2017-07-22,01:10,22,5288,5310,0
2017-07-22 01:20:00,2017-07-22,01:20,18,5292,5310,0
2017-07-22 01:30:00,2017-07-22,01:30,15,5295,5310,0
2017-07-22 01:40:00,2017-07-22,01:40,14,5296,5310,0
2017-07-22 01:50:00,2017-07-22,01:50,15,5295,5310,0
2017-07-22 02:00:00,2017-07-22,02:00,13,5297,5310,0
2017-07-22 02:10:00,2017-07-22,02:10,20,5290,5310,0
2017-07-22 02:20:00,2017-07-22,02:20,19,5291,5310,0
2017-07-22 02:30:00,2017-07-22,02:30,14,5296,5310,0
2017-07-22 02:40:00,2017-07-22,02:40,12,5298,5310,0
2017-07-22 02:50:00,2017-07-22,02:50,11,5299,5310,0
2017-07-22 03:00:00,2017-07-22,03:00,12,5298,5310,0
2017-07-22 03:10:00,2017-07-22,03:10,12,5298,5310,0
2017-07-22 03:20:00,2017-07-22,03:20,13,5297,5310,0
2017-07-22 03:30:00,2017-07-22,03:30,17,5293,5310,0
2017-07-22 03:40:00,2017-07-22,03:40,15,5295,5310,0
2017-07-22 03:50:00,2017-07-22,03:50,14,5296,5310,0
2017-07-22 04:00:00,2017-07-22,04:00,11,5299,5310,0
2017-07-22 04:10:00,2017-07-22,04:10,12,5298,5310,0
2017-07-22 04:20:00,2017-07-22,04:20,13,5297,5310,0
2017-07-22 04:30:00,2017-07-22,04:30,12,5298,5310,0
2017-07-22 04:40:00,2017-07-22,04:40,12,5298,5310,0
2017-07-22 04:50:00,2017-07-22,04:50,11,5299,5310,0
2017-07-22 05:00:00,2017-07-22,05:00,11,5299,5310,0
2017-07-22 05:10:00,2017-07-22,05:10,11,5299,5310,0
2017-07-22 05:20:00,2017-07-22,05:20,13,5297,5310,0
2017-07-22 05:30:00,2017-07-22,05:30,11,5299,5310,0
2017-07-22 05:40:00,2017-07-22,05:40,12,5298,5310,0
2017-07-22 05:50:00,2017-07-22,05:50,14,5296,5310,0
2017-07-22 06:00:00,2017-07-22,06:00,13,5297,5310,0
2017-07-22 06:10:00,2017-07-22,06:10,16,5294,5310,0
2017-07-22 06:20:00,2017-07-22,06:20,14,5296,5310,0
2017-07-22 06:30:00,2017-07-22,06:30,17,5293,5310,0
2017-07-22 06:40:00,2017-07-22,06:40,18,5292,5310,0
2017-07-22 06:50:00,2017-07-22,06:50,26,5284,5310,0
2017-07-22 07:00:00,2017-07-22,07:00,27,5283,5310,0
2017-07-22 07:10:00,2017-07-22,07:10,22,5288,5310,0
2017-07-22 07:20:00,2017-07-22,07:20,23,5287,5310,0
2017-07-22 07:30:00,2017-07-22,07:30,25,5285,5310,0
2017-07-22 07:40:00,2017-07-22,07:40,32,5278,5310,0
2017-07-22 07:50:00,2017-07-22,07:50,37,5273,5310,0
2017-07-22 08:00:00,2017-07-22,08:00,44,5266,5310,0
2017-07-22 08:10:00,2017-07-22,08:10,48,5262,5310,0
2017-07-22 08:20:00,2017-07-22,08:20,54,5256,5310,0
2017-07-22 08:30:00,2017-07-22,08:30,58,5252,5310,0
2017-07-22 08:40:00,2017-07-22,08:40,74,5236,5310,0
2017-07-22 08:50:00,2017-07-22,08:50,88,5222,5310,0
2017-07-22 09:00:00,2017-07-22,09:00,86,5224,5310,0
2017-07-22 09:10:00,2017-07-22,09:10,123,5187,5310,0
2017-07-22 09:20:00,2017-07-22,09:20,152,5158,5310,0
2017-07-22 09:30:00,2017-07-22,09:30,149,5161,5310,0
2017-07-22 09:40:00,2017-07-22,09:40,177,5133,5310,0
2017-07-22 09:50:00,2017-07-22,09:50,220,5090,5310,0
2017-07-22 10:00:00,2017-07-22,10:00,205,5105,5310,0
2017-07-22 10:10:00,2017-07-22,10:10,221,5089,5310,0
2017-07-22 10:20:00,2017-07-22,10:20,242,5068,5310,0
2017-07-22 10:30:00,2017-07-22,10:30,292,5018,5310,0
2017-07-22 10:40:00,2017-07-22,10:40,318,4992,5310,0
2017-07-22 10:50:00,2017-07-22,10:50,370,4940,5310,0
2017-07-22 11:00:00,2017-07-22,11:00,358,4952,5310,0
2017-07-22 11:10:00,2017-07-22,11:10,388,4922,5310,0
2017-07-22 11:20:00,2017-07-22,11:20,394,4916,5310,0
2017-07-22 11:30:00,2017-07-22,11:30,441,4869,5310,0
2017-07-22 11:40:00,2017-07-22,11:40,456,4854,5310,0
2017-07-22 11:50:00,2017-07-22,11:50,471,4839,5310,0
2017-07-22 12:00:00,2017-07-22,12:00,456,4854,5310,0
2017-07-22 12:10:00,2017-07-22,12:10,462,4848,5310,0
2017-07-22 12:20:00,2017-07-22,12:20,471,4839,5310,0
2017-07-22 12:30:00,2017-07-22,12:30,501,4809,5310,0
2017-07-22 12:40:00,2017-07-22,12:40,558,4752,5310,0
2017-07-22 12:50:00,2017-07-22,12:50,558,4752,5310,0
2017-07-22 13:00:00,2017-07-22,13:00,559,4751,5310,0
2017-07-22 13:10:00,2017-07-22,13:10,602,4708,5310,0
2017-07-22 13:20:00,2017-07-22,13:20,649,4661,5310,0
2017-07-22 13:30:00,2017-07-22,13:30,675,4635,5310,0
2017-07-22 13:40:00,2017-07-22,13:40,618,4692,5310,0
2017-07-22 13:50:00,2017-07-22,13:50,613,4697,5310,0
2017-07-22 14:00:00,2017-07-22,14:00,637,4673,5310,0
2017-07-22 14:10:00,2017-07-22,14:10,614,4696,5310,0
2017-07-22 14:20:00,2017-07-22,14:20,613,4697,5310,0
2017-07-22 14:30:00,2017-07-22,14:30,650,4660,5310,0
2017-07-22 14:40:00,2017-07-22,14:40,623,4687,5310,0
2017-07-22 14:50:00,2017-07-22,14:50,640,4670,5310,0
2017-07-22 15:00:00,2017-07-22,15:00,674,4636,5310,0
2017-07-22 15:10:00,2017-07-22,15:10,673,4637,5310,0
2017-07-22 15:20:00,2017-07-22,15:20,647,4663,5310,0
2017-07-22 15:30:00,2017-07-22,15:30,646,4664,5310,0
2017-07-22 15:40:00,2017-07-22,15:40,640,4670,5310,0
2017-07-22 15:50:00,2017-07-22,15:50,609,4701,5310,0
2017-07-22 16:00:00,2017-07-22,16:00,600,4710,5310,0
2017-07-22 16:10:00,2017-07-22,16:10,525,4785,5310,0
2017-07-22 16:20:00,2017-07-22,16:20,544,4766,5310,0
2017-07-22 16:30:00,2017-07-22,16:30,560,4750,5310,0
2017-07-22 16:40:00,2017-07-22,16:40,565,4745,5310,0
2017-07-22 16:50:00,2017-07-22,16:50,540,4770,5310,0
2017-07-22 17:00:00,2017-07-22,17:00,524,4786,5310,0
2017-07-22 17:10:00,2017-07-22,17:10,539,4771,5310,0
2017-07-22 17:20:00,2017-07-22,17:20,524,4786,5310,0
2017-07-22 17:30:00,2017-07-22,17:30,523,4787,5310,0
2017-07-22 17:40:00,2017-07-22,17:40,488,4822,5310,0
2017-07-22 17:50:00,2017-07-22,17:50,471,4839,5310,0
2017-07-22 18:00:00,2017-07-22,18:00,481,4829,5310,0
2017-07-22 18:10:00,2017-07-22,18:10,499,4811,5310,0
2017-07-22 18:20:00,2017-07-22,18:20,515,4795,5310,0
2017-07-22 18:30:00,2017-07-22,18:30,482,4828,5310,0
2017-07-22 18:40:00,2017-07-22,18:40,464,4846,5310,0
2017-07-22 18:50:00,2017-07-22,18:50,446,4864,5310,0
2017-07-22 19:00:00,2017-07-22,19:00,458,4852,5310,0
2017-07-22 19:10:00,2017-07-22,19:10,455,4855,5310,0
2017-07-22 19:20:00,2017-07-22,19:20,442,4868,5310,0
2017-07-22 19:30:00,2017-07-22,19:30,391,4919,5310,0
2017-07-22 19:40:00,2017-07-22,19:40,394,4916,5310,0
2017-07-22 19:50:00,2017-07-22,19:50,384,4926,5310,0
2017-07-22 20:00:00,2017-07-22,20:00,357,4953,5310,0
2017-07-22 20:10:00,2017-07-22,20:10,365,4945,5310,0
2017-07-22 20:20:00,2017-07-22,20:20,354,4956,5310,0
2017-07-22 20:30:00,2017-07-22,20:30,321,4989,5310,0
2017-07-22 20:40:00,2017-07-22,20:40,319,4991,5310,0
2017-07-22 20:50:00,2017-07-22,20:50,285,5025,5310,0
2017-07-22 21:00:00,2017-07-22,21:00,279,5031,5310,0
2017-07-22 21:10:00,2017-07-22,21:10,256,5054,5310,0
2017-07-22 21:20:00,2017-07-22,21:20,249,5061,5310,0
2017-07-22 21:30:00,2017-07-22,21:30,224,5086,5310,0
2017-07-22 21:40:00,2017-07-22,21:40,190,5120,5310,0
2017-07-22 21:50:00,2017-07-22,21:50,188,5122,5310,0
2017-07-22 22:00:00,2017-07-22,22:00,189,5121,5310,0
2017-07-22 22:10:00,2017-07-22,22:10,196,5114,5310,0
2017-07-22 22:20:00,2017-07-22,22:20,181,5129,5310,0
2017-07-22 22:30:00,2017-07-22,22:30,187,5123,5310,0
2017-07-22 22:40:00,2017-07-22,22:40,182,5128,5310,0
2017-07-22 22:50:00,2017-07-22,22:50,186,5124,5310,0
2017-07-22 23:00:00,2017-07-22,23:00,185,5125,5310,0
2017-07-22 23:10:00,2017-07-22,23:10,159,5151,5310,0
2017-07-22 23:20:00,2017-07-22,23:20,154,5156,5310,0
2017-07-22 23:30:00,2017-07-22,23:30,143,5167,5310,0
2017-07-22 23:40:00,2017-07-22,23:40,144,5166,5310,0
2017-07-22 23:50:00,2017-07-22,23:50,117,5193,5310,0
2017-07-23 00:00:00,2017-07-23,00:00,97,5213,5310,0
2017-07-23 00:10:00,2017-07-23,00:10,93,5217,5310,0
2017-07-23 00:20:00,2017-07-23,00:20,89,5221,5310,0
2017-07-23 00:30:00,2017-07-23,00:30,69,5241,5310,0
2017-07-23 00:40:00,2017-07-23,00:40,63,5247,5310,0
2017-07-23 00:50:00,2017-07-23,00:50,76,5234,5310,0
2017-07-23 01:00:00,2017-07-23,01:00,75,5235,5310,0
2017-07-23 01:10:00,2017-07-23,01:10,58,5252,5310,0
2017-07-23 01:20:00,2017-07-23,01:20,45,5265,5310,0
2017-07-23 01:30:00,2017-07-23,01:30,62,5248,5310,0
2017-07-23 01:40:00,2017-07-23,01:40,56,5254,5310,0
2017-07-23 01:50:00,2017-07-23,01:50,61,5249,5310,0
2017-07-23 02:00:00,2017-07-23,02:00,70,5240,5310,0
2017-07-23 02:10:00,2017-07-23,02:10,60,5250,5310,0
2017-07-23 02:20:00,2017-07-23,02:20,41,5269,5310,0
2017-07-23 02:30:00,2017-07-23,02:30,35,5275,5310,0
2017-07-23 02:40:00,2017-07-23,02:40,34,5276,5310,0
2017-07-23 02:50:00,2017-07-23,02:50,41,5269,5310,0
2017-07-23 03:00:00,2017-07-23,03:00,48,5262,5310,0
2017-07-23 03:10:00,2017-07-23,03:10,37,5273,5310,0
2017-07-23 03:20:00,2017-07-23,03:20,35,5275,5310,0
2017-07-23 03:30:00,2017-07-23,03:30,28,5282,5310,0
2017-07-23 03:40:00,2017-07-23,03:40,27,5283,5310,0
2017-07-23 03:50:00,2017-07-23,03:50,24,5286,5310,0
2017-07-23 04:00:00,2017-07-23,04:00,20,5290,5310,0
2017-07-23 04:10:00,2017-07-23,04:10,28,5282,5310,0
2017-07-23 04:20:00,2017-07-23,04:20,25,5285,5310,0
2017-07-23 04:30:00,2017-07-23,04:30,19,5291,5310,0
2017-07-23 04:40:00,2017-07-23,04:40,22,5288,5310,0
2017-07-23 04:50:00,2017-07-23,04:50,14,5296,5310,0
2017-07-23 05:00:00,2017-07-23,05:00,17,5293,5310,0
2017-07-23 05:10:00,2017-07-23,05:10,21,5289,5310,0
2017-07-23 05:20:00,2017-07-23,05:20,25,5285,5310,0
2017-07-23 05:30:00,2017-07-23,05:30,23,5287,5310,0
2017-07-23 05:40:00,2017-07-23,05:40,20,5290,5310,0
2017-07-23 05:50:00,2017-07-23,05:50,27,5283,5310,0
2017-07-23 06:00:00,2017-07-23,06:00,26,5284,5310,0
2017-07-23 06:10:00,2017-07-23,06:10,32,5278,5310,0
2017-07-23 06:20:00,2017-07-23,06:20,47,5263,5310,0
2017-07-23 06:30:00,2017-07-23,06:30,41,5269,5310,0
2017-07-23 06:40:00,2017-07-23,06:40,46,5264,5310,0
2017-07-23 06:50:00,2017-07-23,06:50,43,5267,5310,0
2017-07-23 07:00:00,2017-07-23,07:00,32,5278,5310,0
2017-07-23 07:10:00,2017-07-23,07:10,32,5278,5310,0
2017-07-23 07:20:00,2017-07-23,07:20,38,5272,5310,0
2017-07-23 07:30:00,2017-07-23,07:30,50,5260,5310,0
2017-07-23 07:40:00,2017-07-23,07:40,62,5248,5310,0
2017-07-23 07:50:00,2017-07-23,07:50,71,5239,5310,0
2017-07-23 08:00:00,2017-07-23,08:00,80,5230,5310,0
2017-07-23 08:10:00,2017-07-23,08:10,67,5243,5310,0
2017-07-23 08:20:00,2017-07-23,08:20,81,5229,5310,0
2017-07-23 08:30:00,2017-07-23,08:30,101,5209,5310,0
2017-07-23 08:40:00,2017-07-23,08:40,132,5178,5310,0
2017-07-23 08:50:00,2017-07-23,08:50,136,5174,5310,0
2017-07-23 09:00:00,2017-07-23,09:00,153,5157,5310,0
2017-07-23 09:10:00,2017-07-23,09:10,161,5149,5310,0
2017-07-23 09:20:00,2017-07-23,09:20,189,5121,5310,0
2017-07-23 09:30:00,2017-07-23,09:30,216,5094,5310,0
2017-07-23 09:40:00,2017-07-23,09:40,205,5105,5310,0
2017-07-23 09:50:00,2017-07-23,09:50,244,5066,5310,0
2017-07-23 10:00:00,2017-07-23,10:00,263,5047,5310,0
2017-07-23 10:10:00,2017-07-23,10:10,273,5037,5310,0
2017-07-23 10:20:00,2017-07-23,10:20,313,4997,5310,0
2017-07-23 10:30:00,2017-07-23,10:30,356,4954,5310,0
2017-07-23 10:40:00,2017-07-23,10:40,376,4934,5310,0
2017-07-23 10:50:00,2017-07-23,10:50,392,4918,5310,0
2017-07-23 11:00:00,2017-07-23,11:00,420,4890,5310,0
2017-07-23 11:10:00,2017-07-23,11:10,442,4868,5310,0
2017-07-23 11:20:00,2017-07-23,11:20,450,4860,5310,0
2017-07-23 11:30:00,2017-07-23,11:30,484,4826,5310,0
2017-07-23 11:40:00,2017-07-23,11:40,495,4815,5310,0
2017-07-23 11:50:00,2017-07-23,11:50,542,4768,5310,0
2017-07-23 12:00:00,2017-07-23,12:00,529,4781,5310,0
2017-07-23 12:10:00,2017-07-23,12:10,505,4805,5310,0
2017-07-23 12:20:00,2017-07-23,12:20,513,4797,5310,0
2017-07-23 12:30:00,2017-07-23,12:30,481,4829,5310,0
2017-07-23 12:40:00,2017-07-23,12:40,496,4814,5310,0
2017-07-23 12:50:00,2017-07-23,12:50,528,4782,5310,0
2017-07-23 13:00:00,2017-07-23,13:00,546,4764,5310,0
2017-07-23 13:10:00,2017-07-23,13:10,580,4730,5310,0
2017-07-23 13:20:00,2017-07-23,13:20,571,4739,5310,0
2017-07-23 13:30:00,2017-07-23,13:30,592,4718,5310,0
2017-07-23 13:40:00,2017-07-23,13:40,605,4705,5310,0
2017-07-23 13:50:00,2017-07-23,13:50,586,4724,5310,0
2017-07-23 14:00:00,2017-07-23,14:00,616,4694,5310,0
2017-07-23 14:10:00,2017-07-23,14:10,609,4701,5310,0
2017-07-23 14:20:00,2017-07-23,14:20,644,4666,5310,0
2017-07-23 14:30:00,2017-07-23,14:30,612,4698,5310,0
2017-07-23 14:40:00,2017-07-23,14:40,597,4713,5310,0
2017-07-23 14:50:00,2017-07-23,14:50,613,4697,5310,0
2017-07-23 15:00:00,2017-07-23,15:00,596,4714,5310,0
2017-07-23 15:10:00,2017-07-23,15:10,581,4729,5310,0
2017-07-23 15:20:00,2017-07-23,15:20,597,4713,5310,0
2017-07-23 15:30:00,2017-07-23,15:30,549,4761,5310,0
2017-07-23 15:40:00,2017-07-23,15:40,577,4733,5310,0
2017-07-23 15:50:00,2017-07-23,15:50,577,4733,5310,0
2017-07-23 16:00:00,2017-07-23,16:00,575,4735,5310,0
2017-07-23 16:10:00,2017-07-23,16:10,611,4699,5310,0
2017-07-23 16:20:00,2017-07-23,16:20,654,4656,5310,0
2017-07-23 16:30:00,2017-07-23,16:30,592,4718,5310,0
2017-07-23 16:40:00,2017-07-23,16:40,533,4777,5310,0
2017-07-23 16:50:00,2017-07-23,16:50,506,4804,5310,0
2017-07-23 17:00:00,2017-07-23,17:00,404,4906,5310,0
2017-07-23 17:10:00,2017-07-23,17:10,305,5005,5310,0
2017-07-23 17:20:00,2017-07-23,17:20,277,5033,5310,0
2017-07-23 17:30:00,2017-07-23,17:30,265,5045,5310,0
2017-07-23 17:40:00,2017-07-23,17:40,233,5077,5310,0
2017-07-23 17:50:00,2017-07-23,17:50,227,5083,5310,0
2017-07-23 18:00:00,2017-07-23,18:00,252,5058,5310,0
2017-07-23 18:10:00,2017-07-23,18:10,276,5034,5310,0
2017-07-23 18:20:00,2017-07-23,18:20,307,5003,5310,0
2017-07-23 18:30:00,2017-07-23,18:30,324,4986,5310,0
2017-07-23 18:40:00,2017-07-23,18:40,325,4985,5310,0
2017-07-23 18:50:00,2017-07-23,18:50,350,4960,5310,0
2017-07-23 19:00:00,2017-07-23,19:00,321,4989,5310,0
2017-07-23 19:10:00,2017-07-23,19:10,317,4993,5310,0
2017-07-23 19:20:00,2017-07-23,19:20,260,5050,5310,0
2017-07-23 19:30:00,2017-07-23,19:30,305,5005,5310,0
2017-07-23 19:40:00,2017-07-23,19:40,297,5013,5310,0
2017-07-23 19:50:00,2017-07-23,19:50,288,5022,5310,0
2017-07-23 20:00:00,2017-07-23,20:00,279,5031,5310,0
2017-07-23 20:10:00,2017-07-23,20:10,261,5049,5310,0
2017-07-23 20:20:00,2017-07-23,20:20,273,5037,5310,0
2017-07-23 20:30:00,2017-07-23,20:30,263,5047,5310,0
2017-07-23 20:40:00,2017-07-23,20:40,238,5072,5310,0
2017-07-23 20:50:00,2017-07-23,20:50,218,5092,5310,0
2017-07-23 21:00:00,2017-07-23,21:00,166,5144,5310,0
2017-07-23 21:10:00,2017-07-23,21:10,166,5144,5310,0
2017-07-23 21:20:00,2017-07-23,21:20,161,5149,5310,0
2017-07-23 21:30:00,2017-07-23,21:30,142,5168,5310,0
2017-07-23 21:40:00,2017-07-23,21:40,143,5167,5310,0
2017-07-23 21:50:00,2017-07-23,21:50,135,5175,5310,0
2017-07-23 22:00:00,2017-07-23,22:00,127,5183,5310,0
2017-07-23 22:10:00,2017-07-23,22:10,145,5165,5310,0
2017-07-23 22:20:00,2017-07-23,22:20,152,5158,5310,0
2017-07-23 22:30:00,2017-07-23,22:30,164,5146,5310,0
2017-07-23 22:40:00,2017-07-23,22:40,141,5169,5310,0
2017-07-23 22:50:00,2017-07-23,22:50,105,5205,5310,0
2017-07-23 23:00:00,2017-07-23,23:00,83,5227,5310,0
2017-07-23 23:10:00,2017-07-23,23:10,72,5238,5310,0
2017-07-23 23:20:00,2017-07-23,23:20,82,5228,5310,0
2017-07-23 23:30:00,2017-07-23,23:30,69,5241,5310,0
2017-07-23 23:40:00,2017-07-23,23:40,48,5262,5310,0
2017-07-23 23:50:00,2017-07-23,23:50,44,5266,5310,0
2017-07-24 00:00:00,2017-07-24,00:00,39,5271,5310,0
2017-07-24 00:10:00,2017-07-24,00:10,41,5269,5310,0
2017-07-24 00:20:00,2017-07-24,00:20,33,5277,5310,0
2017-07-24 00:30:00,2017-07-24,00:30,28,5282,5310,0
2017-07-24 00:40:00,2017-07-24,00:40,19,5291,5310,0
2017-07-24 00:50:00,2017-07-24,00:50,16,5294,5310,0
2017-07-24 01:00:00,2017-07-24,01:00,14,5296,5310,0
2017-07-24 01:10:00,2017-07-24,01:10,14,5296,5310,0
2017-07-24 01:20:00,2017-07-24,01:20,11,5299,5310,0
2017-07-24 01:30:00,2017-07-24,01:30,11,5299,5310,0
2017-07-24 01:40:00,2017-07-24,01:40,12,5298,5310,0
2017-07-24 01:50:00,2017-07-24,01:50,17,5293,5310,0
2017-07-24 02:00:00,2017-07-24,02:00,11,5299,5310,0
2017-07-24 02:10:00,2017-07-24,02:10,12,5298,5310,0
2017-07-24 02:20:00,2017-07-24,02:20,13,5297,5310,0
2017-07-24 02:30:00,2017-07-24,02:30,9,5301,5310,0
2017-07-24 02:40:00,2017-07-24,02:40,5,5305,5310,0
2017-07-24 02:50:00,2017-07-24,02:50,10,5300,5310,0
2017-07-24 03:00:00,2017-07-24,03:00,8,5302,5310,0
2017-07-24 03:10:00,2017-07-24,03:10,6,5304,5310,0
2017-07-24 03:20:00,2017-07-24,03:20,4,5306,5310,0
2017-07-24 03:30:00,2017-07-24,03:30,5,5305,5310,0
2017-07-24 03:40:00,2017-07-24,03:40,6,5304,5310,0
2017-07-24 03:50:00,2017-07-24,03:50,7,5303,5310,0
2017-07-24 04:00:00,2017-07-24,04:00,8,5302,5310,0
2017-07-24 04:10:00,2017-07-24,04:10,10,5300,5310,0
2017-07-24 04:20:00,2017-07-24,04:20,10,5300,5310,0
2017-07-24 04:30:00,2017-07-24,04:30,10,5300,5310,0
2017-07-24 04:40:00,2017-07-24,04:40,10,5300,5310,0
2017-07-24 04:50:00,2017-07-24,04:50,17,5293,5310,0
2017-07-24 05:00:00,2017-07-24,05:00,12,5298,5310,0
2017-07-24 05:10:00,2017-07-24,05:10,12,5298,5310,0
2017-07-24 05:20:00,2017-07-24,05:20,21,5289,5310,0
2017-07-24 05:30:00,2017-07-24,05:30,27,5283,5310,0
2017-07-24 05:40:00,2017-07-24,05:40,36,5274,5310,0
2017-07-24 05:50:00,2017-07-24,05:50,43,5267,5310,0
2017-07-24 06:00:00,2017-07-24,06:00,60,5250,5310,0
2017-07-24 06:10:00,2017-07-24,06:10,55,5255,5310,0
2017-07-24 06:20:00,2017-07-24,06:20,87,5223,5310,0
2017-07-24 06:30:00,2017-07-24,06:30,82,5228,5310,0
2017-07-24 06:40:00,2017-07-24,06:40,103,5207,5310,0
2017-07-24 06:50:00,2017-07-24,06:50,138,5172,5310,0
2017-07-24 07:00:00,2017-07-24,07:00,132,5178,5310,0
2017-07-24 07:10:00,2017-07-24,07:10,178,5132,5310,0
2017-07-24 07:20:00,2017-07-24,07:20,205,5105,5310,0
2017-07-24 07:30:00,2017-07-24,07:30,219,5091,5310,0
2017-07-24 07:40:00,2017-07-24,07:40,235,5075,5310,0
2017-07-24 07:50:00,2017-07-24,07:50,294,5016,5310,0
2017-07-24 08:00:00,2017-07-24,08:00,309,5001,5310,0
2017-07-24 08:10:00,2017-07-24,08:10,265,5045,5310,0
2017-07-24 08:20:00,2017-07-24,08:20,317,4993,5310,0
2017-07-24 08:30:00,2017-07-24,08:30,300,5010,5310,0
2017-07-24 08:40:00,2017-07-24,08:40,295,5015,5310,0
2017-07-24 08:50:00,2017-07-24,08:50,288,5022,5310,0
2017-07-24 09:00:00,2017-07-24,09:00,260,5050,5310,0
2017-07-24 09:10:00,2017-07-24,09:10,229,5081,5310,0
2017-07-24 09:20:00,2017-07-24,09:20,173,5137,5310,0
2017-07-24 09:30:00,2017-07-24,09:30,178,5132,5310,0
2017-07-24 09:40:00,2017-07-24,09:40,172,5138,5310,0
2017-07-24 09:50:00,2017-07-24,09:50,151,5159,5310,0
2017-07-24 10:00:00,2017-07-24,10:00,143,5167,5310,0
2017-07-24 10:10:00,2017-07-24,10:10,144,5166,5310,0
2017-07-24 10:20:00,2017-07-24,10:20,181,5129,5310,0
2017-07-24 10:30:00,2017-07-24,10:30,165,5145,5310,0
2017-07-24 10:40:00,2017-07-24,10:40,167,5143,5310,0
2017-07-24 10:50:00,2017-07-24,10:50,167,5143,5310,0
2017-07-24 11:00:00,2017-07-24,11:00,164,5146,5310,0
2017-07-24 11:10:00,2017-07-24,11:10,188,5122,5310,0
2017-07-24 11:20:00,2017-07-24,11:20,196,5114,5310,0
2017-07-24 11:30:00,2017-07-24,11:30,226,5084,5310,0
2017-07-24 11:40:00,2017-07-24,11:40,224,5086,5310,0
2017-07-24 11:50:00,2017-07-24,11:50,245,5065,5310,0
2017-07-24 12:00:00,2017-07-24,12:00,244,5066,5310,0
2017-07-24 12:10:00,2017-07-24,12:10,281,5029,5310,0
2017-07-24 12:20:00,2017-07-24,12:20,286,5024,5310,0
2017-07-24 12:30:00,2017-07-24,12:30,252,5058,5310,0
2017-07-24 12:40:00,2017-07-24,12:40,273,5037,5310,0
2017-07-24 12:50:00,2017-07-24,12:50,241,5069,5310,0
2017-07-24 13:00:00,2017-07-24,13:00,259,5051,5310,0
2017-07-24 13:10:00,2017-07-24,13:10,249,5061,5310,0
2017-07-24 13:20:00,2017-07-24,13:20,256,5054,5310,0
2017-07-24 13:30:00,2017-07-24,13:30,259,5051,5310,0
2017-07-24 13:40:00,2017-07-24,13:40,268,5042,5310,0
2017-07-24 13:50:00,2017-07-24,13:50,247,5063,5310,0
2017-07-24 14:00:00,2017-07-24,14:00,225,5085,5310,0
2017-07-24 14:10:00,2017-07-24,14:10,236,5074,5310,0
2017-07-24 14:20:00,2017-07-24,14:20,260,5050,5310,0
2017-07-24 14:30:00,2017-07-24,14:30,250,5060,5310,0
2017-07-24 14:40:00,2017-07-24,14:40,243,5067,5310,0
2017-07-24 14:50:00,2017-07-24,14:50,268,5042,5310,0
2017-07-24 15:00:00,2017-07-24,15:00,276,5034,5310,0
2017-07-24 15:10:00,2017-07-24,15:10,275,5035,5310,0
2017-07-24 15:20:00,2017-07-24,15:20,264,5046,5310,0
2017-07-24 15:30:00,2017-07-24,15:30,283,5027,5310,0
2017-07-24 15:40:00,2017-07-24,15:40,301,5009,5310,0
2017-07-24 15:50:00,2017-07-24,15:50,309,5001,5310,0
2017-07-24 16:00:00,2017-07-24,16:00,299,5011,5310,0
2017-07-24 16:10:00,2017-07-24,16:10,381,4929,5310,0
2017-07-24 16:20:00,2017-07-24,16:20,379,4931,5310,0
2017-07-24 16:30:00,2017-07-24,16:30,399,4911,5310,0
2017-07-24 16:40:00,2017-07-24,16:40,446,4864,5310,0
2017-07-24 16:50:00,2017-07-24,16:50,484,4826,5310,0
2017-07-24 17:00:00,2017-07-24,17:00,465,4845,5310,0
2017-07-24 17:10:00,2017-07-24,17:10,624,4686,5310,0
2017-07-24 17:20:00,2017-07-24,17:20,721,4589,5310,0
2017-07-24 17:30:00,2017-07-24,17:30,682,4628,5310,0
2017-07-24 17:40:00,2017-07-24,17:40,658,4652,5310,0
2017-07-24 17:50:00,2017-07-24,17:50,675,4635,5310,0
2017-07-24 18:00:00,2017-07-24,18:00,630,4680,5310,0
2017-07-24 18:10:00,2017-07-24,18:10,600,4710,5310,0
2017-07-24 18:20:00,2017-07-24,18:20,582,4728,5310,0
2017-07-24 18:30:00,2017-07-24,18:30,555,4755,5310,0
2017-07-24 18:40:00,2017-07-24,18:40,545,4765,5310,0
2017-07-24 18:50:00,2017-07-24,18:50,472,4838,5310,0
2017-07-24 19:00:00,2017-07-24,19:00,407,4903,5310,0
2017-07-24 19:10:00,2017-07-24,19:10,414,4896,5310,0
2017-07-24 19:20:00,2017-07-24,19:20,371,4939,5310,0
2017-07-24 19:30:00,2017-07-24,19:30,343,4967,5310,0
2017-07-24 19:40:00,2017-07-24,19:40,311,4999,5310,0
2017-07-24 19:50:00,2017-07-24,19:50,295,5015,5310,0
2017-07-24 20:00:00,2017-07-24,20:00,263,5047,5310,0
2017-07-24 20:10:00,2017-07-24,20:10,272,5038,5310,0
2017-07-24 20:20:00,2017-07-24,20:20,251,5059,5310,0
2017-07-24 20:30:00,2017-07-24,20:30,235,5075,5310,0
2017-07-24 20:40:00,2017-07-24,20:40,224,5086,5310,0
2017-07-24 20:50:00,2017-07-24,20:50,200,5110,5310,0
2017-07-24 21:00:00,2017-07-24,21:00,191,5119,5310,0
2017-07-24 21:10:00,2017-07-24,21:10,185,5125,5310,0
2017-07-24 21:20:00,2017-07-24,21:20,181,5129,5310,0
2017-07-24 21:30:00,2017-07-24,21:30,164,5146,5310,0
2017-07-24 21:40:00,2017-07-24,21:40,161,5149,5310,0
2017-07-24 21:50:00,2017-07-24,21:50,162,5148,5310,0
2017-07-24 22:00:00,2017-07-24,22:00,123,5187,5310,0
2017-07-24 22:10:00,2017-07-24,22:10,119,5191,5310,0
2017-07-24 22:20:00,2017-07-24,22:20,113,5197,5310,0
2017-07-24 22:30:00,2017-07-24,22:30,104,5206,5310,0
2017-07-24 22:40:00,2017-07-24,22:40,96,5214,5310,0
2017-07-24 22:50:00,2017-07-24,22:50,90,5220,5310,0
2017-07-24 23:00:00,2017-07-24,23:00,88,5222,5310,0
2017-07-24 23:10:00,2017-07-24,23:10,92,5218,5310,0
2017-07-24 23:20:00,2017-07-24,23:20,85,5225,5310,0
2017-07-24 23:30:00,2017-07-24,23:30,75,5235,5310,0
2017-07-24 23:40:00,2017-07-24,23:40,55,5255,5310,0
2017-07-24 23:50:00,2017-07-24,23:50,47,5263,5310,0
2017-07-25 00:00:00,2017-07-25,00:00,44,5266,5310,0
2017-07-25 00:10:00,2017-07-25,00:10,39,5271,5310,0
2017-07-25 00:20:00,2017-07-25,00:20,28,5282,5310,0
2017-07-25 00:30:00,2017-07-25,00:30,24,5286,5310,0
2017-07-25 00:40:00,2017-07-25,00:40,21,5289,5310,0
2017-07-25 00:50:00,2017-07-25,00:50,23,5287,5310,0
2017-07-25 01:00:00,2017-07-25,01:00,25,5285,5310,0
2017-07-25 01:10:00,2017-07-25,01:10,19,5291,5310,0
2017-07-25 01:20:00,2017-07-25,01:20,26,5284,5310,0
2017-07-25 01:30:00,2017-07-25,01:30,29,5281,5310,0
2017-07-25 01:40:00,2017-07-25,01:40,25,5285,5310,0
2017-07-25 01:50:00,2017-07-25,01:50,16,5294,5310,0
2017-07-25 02:00:00,2017-07-25,02:00,9,5301,5310,0
2017-07-25 02:10:00,2017-07-25,02:10,9,5301,5310,0
2017-07-25 02:20:00,2017-07-25,02:20,5,5305,5310,0
2017-07-25 02:30:00,2017-07-25,02:30,5,5305,5310,0
2017-07-25 02:40:00,2017-07-25,02:40,6,5304,5310,0
2017-07-25 02:50:00,2017-07-25,02:50,6,5304,5310,0
2017-07-25 03:00:00,2017-07-25,03:00,5,5305,5310,0
2017-07-25 03:10:00,2017-07-25,03:10,4,5306,5310,0
2017-07-25 03:20:00,2017-07-25,03:20,3,5307,5310,0
2017-07-25 03:30:00,2017-07-25,03:30,6,5304,5310,0
2017-07-25 03:40:00,2017-07-25,03:40,5,5305,5310,0
2017-07-25 03:50:00,2017-07-25,03:50,5,5305,5310,0
2017-07-25 04:00:00,2017-07-25,04:00,3,5307,5310,0
2017-07-25 04:10:00,2017-07-25,04:10,3,5307,5310,0
2017-07-25 04:20:00,2017-07-25,04:20,5,5305,5310,0
2017-07-25 04:30:00,2017-07-25,04:30,7,5303,5310,0
2017-07-25 04:40:00,2017-07-25,04:40,5,5305,5310,0
2017-07-25 04:50:00,2017-07-25,04:50,11,5299,5310,0
2017-07-25 05:00:00,2017-07-25,05:00,6,5304,5310,0
2017-07-25 05:10:00,2017-07-25,05:10,15,5295,5310,0
2017-07-25 05:20:00,2017-07-25,05:20,21,5289,5310,0
2017-07-25 05:30:00,2017-07-25,05:30,24,5286,5310,0
2017-07-25 05:40:00,2017-07-25,05:40,55,5255,5310,0
2017-07-25 05:50:00,2017-07-25,05:50,55,5255,5310,0
2017-07-25 06:00:00,2017-07-25,06:00,58,5252,5310,0
2017-07-25 06:10:00,2017-07-25,06:10,73,5237,5310,0
2017-07-25 06:20:00,2017-07-25,06:20,85,5225,5310,0
2017-07-25 06:30:00,2017-07-25,06:30,105,5205,5310,0
2017-07-25 06:40:00,2017-07-25,06:40,152,5158,5310,0
2017-07-25 06:50:00,2017-07-25,06:50,194,5116,5310,0
2017-07-25 07:00:00,2017-07-25,07:00,163,5147,5310,0
2017-07-25 07:10:00,2017-07-25,07:10,184,5126,5310,0
2017-07-25 07:20:00,2017-07-25,07:20,223,5087,5310,0
2017-07-25 07:30:00,2017-07-25,07:30,253,5057,5310,0
2017-07-25 07:40:00,2017-07-25,07:40,282,5028,5310,0
2017-07-25 07:50:00,2017-07-25,07:50,300,5010,5310,0
2017-07-25 08:00:00,2017-07-25,08:00,307,5003,5310,0
2017-07-25 08:10:00,2017-07-25,08:10,353,4957,5310,0
2017-07-25 08:20:00,2017-07-25,08:20,370,4940,5310,0
2017-07-25 08:30:00,2017-07-25,08:30,364,4946,5310,0
2017-07-25 08:40:00,2017-07-25,08:40,359,4951,5310,0
2017-07-25 08:50:00,2017-07-25,08:50,342,4968,5310,0
2017-07-25 09:00:00,2017-07-25,09:00,275,5035,5310,0
2017-07-25 09:10:00,2017-07-25,09:10,239,5071,5310,0
2017-07-25 09:20:00,2017-07-25,09:20,207,5103,5310,0
2017-07-25 09:30:00,2017-07-25,09:30,181,5129,5310,0
2017-07-25 09:40:00,2017-07-25,09:40,184,5126,5310,0
2017-07-25 09:50:00,2017-07-25,09:50,152,5158,5310,0
2017-07-25 10:00:00,2017-07-25,10:00,157,5153,5310,0
2017-07-25 10:10:00,2017-07-25,10:10,152,5158,5310,0
2017-07-25 10:20:00,2017-07-25,10:20,155,5155,5310,0
2017-07-25 10:30:00,2017-07-25,10:30,156,5154,5310,0
2017-07-25 10:40:00,2017-07-25,10:40,171,5139,5310,0
2017-07-25 10:50:00,2017-07-25,10:50,185,5125,5310,0
2017-07-25 11:00:00,2017-07-25,11:00,184,5126,5310,0
2017-07-25 11:10:00,2017-07-25,11:10,214,5096,5310,0
2017-07-25 11:20:00,2017-07-25,11:20,236,5074,5310,0
2017-07-25 11:30:00,2017-07-25,11:30,231,5079,5310,0
2017-07-25 11:40:00,2017-07-25,11:40,209,5101,5310,0
2017-07-25 11:50:00,2017-07-25,11:50,260,5050,5310,0
2017-07-25 12:00:00,2017-07-25,12:00,236,5074,5310,0
2017-07-25 12:10:00,2017-07-25,12:10,260,5050,5310,0
2017-07-25 12:20:00,2017-07-25,12:20,266,5044,5310,0
2017-07-25 12:30:00,2017-07-25,12:30,255,5055,5310,0
2017-07-25 12:40:00,2017-07-25,12:40,237,5073,5310,0
2017-07-25 12:50:00,2017-07-25,12:50,289,5021,5310,0
2017-07-25 13:00:00,2017-07-25,13:00,282,5028,5310,0
2017-07-25 13:10:00,2017-07-25,13:10,252,5058,5310,0
2017-07-25 13:20:00,2017-07-25,13:20,237,5073,5310,0
2017-07-25 13:30:00,2017-07-25,13:30,226,5084,5310,0
2017-07-25 13:40:00,2017-07-25,13:40,223,5087,5310,0
2017-07-25 13:50:00,2017-07-25,13:50,244,5066,5310,0
2017-07-25 14:00:00,2017-07-25,14:00,240,5070,5310,0
2017-07-25 14:10:00,2017-07-25,14:10,243,5067,5310,0
2017-07-25 14:20:00,2017-07-25,14:20,248,5062,5310,0
2017-07-25 14:30:00,2017-07-25,14:30,255,5055,5310,0
2017-07-25 14:40:00,2017-07-25,14:40,258,5052,5310,0
2017-07-25 14:50:00,2017-07-25,14:50,261,5049,5310,0
2017-07-25 15:00:00,2017-07-25,15:00,270,5040,5310,0
2017-07-25 15:10:00,2017-07-25,15:10,283,5027,5310,0
2017-07-25 15:20:00,2017-07-25,15:20,305,5005,5310,0
2017-07-25 15:30:00,2017-07-25,15:30,309,5001,5310,0
2017-07-25 15:40:00,2017-07-25,15:40,317,4993,5310,0
2017-07-25 15:50:00,2017-07-25,15:50,326,4984,5310,0
2017-07-25 16:00:00,2017-07-25,16:00,340,4970,5310,0
2017-07-25 16:10:00,2017-07-25,16:10,376,4934,5310,0
2017-07-25 16:20:00,2017-07-25,16:20,372,4938,5310,0
2017-07-25 16:30:00,2017-07-25,16:30,426,4884,5310,0
2017-07-25 16:40:00,2017-07-25,16:40,472,4838,5310,0
2017-07-25 16:50:00,2017-07-25,16:50,502,4808,5310,0
2017-07-25 17:00:00,2017-07-25,17:00,562,4748,5310,0
2017-07-25 17:10:00,2017-07-25,17:10,705,4605,5310,0
2017-07-25 17:20:00,2017-07-25,17:20,742,4568,5310,0
2017-07-25 17:30:00,2017-07-25,17:30,701,4609,5310,0
2017-07-25 17:40:00,2017-07-25,17:40,705,4605,5310,0
2017-07-25 17:50:00,2017-07-25,17:50,646,4664,5310,0
2017-07-25 18:00:00,2017-07-25,18:00,611,4699,5310,0
2017-07-25 18:10:00,2017-07-25,18:10,619,4691,5310,0
2017-07-25 18:20:00,2017-07-25,18:20,571,4739,5310,0
2017-07-25 18:30:00,2017-07-25,18:30,510,4800,5310,0
2017-07-25 18:40:00,2017-07-25,18:40,470,4840,5310,0
2017-07-25 18:50:00,2017-07-25,18:50,455,4855,5310,0
2017-07-25 19:00:00,2017-07-25,19:00,432,4878,5310,0
2017-07-25 19:10:00,2017-07-25,19:10,408,4902,5310,0
2017-07-25 19:20:00,2017-07-25,19:20,388,4922,5310,0
2017-07-25 19:30:00,2017-07-25,19:30,355,4955,5310,0
2017-07-25 19:40:00,2017-07-25,19:40,369,4941,5310,0
2017-07-25 19:50:00,2017-07-25,19:50,356,4954,5310,0
2017-07-25 20:00:00,2017-07-25,20:00,326,4984,5310,0
2017-07-25 20:10:00,2017-07-25,20:10,331,4979,5310,0
2017-07-25 20:20:00,2017-07-25,20:20,319,4991,5310,0
2017-07-25 20:30:00,2017-07-25,20:30,299,5011,5310,0
2017-07-25 20:40:00,2017-07-25,20:40,282,5028,5310,0
2017-07-25 20:50:00,2017-07-25,20:50,246,5064,5310,0
2017-07-25 21:00:00,2017-07-25,21:00,226,5084,5310,0
2017-07-25 21:10:00,2017-07-25,21:10,231,5079,5310,0
2017-07-25 21:20:00,2017-07-25,21:20,202,5108,5310,0
2017-07-25 21:30:00,2017-07-25,21:30,198,5112,5310,0
2017-07-25 21:40:00,2017-07-25,21:40,150,5160,5310,0
2017-07-25 21:50:00,2017-07-25,21:50,144,5166,5310,0
2017-07-25 22:00:00,2017-07-25,22:00,121,5189,5310,0
2017-07-25 22:10:00,2017-07-25,22:10,123,5187,5310,0
2017-07-25 22:20:00,2017-07-25,22:20,116,5194,5310,0
2017-07-25 22:30:00,2017-07-25,22:30,117,5193,5310,0
2017-07-25 22:40:00,2017-07-25,22:40,106,5204,5310,0
2017-07-25 22:50:00,2017-07-25,22:50,85,5225,5310,0
2017-07-25 23:00:00,2017-07-25,23:00,67,5243,5310,0
2017-07-25 23:10:00,2017-07-25,23:10,69,5241,5310,0
2017-07-25 23:20:00,2017-07-25,23:20,64,5246,5310,0
2017-07-25 23:30:00,2017-07-25,23:30,60,5250,5310,0
2017-07-25 23:40:00,2017-07-25,23:40,41,5269,5310,0
2017-07-25 23:50:00,2017-07-25,23:50,37,5273,5310,0
2017-07-26 00:00:00,2017-07-26,00:00,36,5274,5310,0
2017-07-26 00:10:00,2017-07-26,00:10,42,5268,5310,0
2017-07-26 00:20:00,2017-07-26,00:20,36,5274,5310,0
2017-07-26 00:30:00,2017-07-26,00:30,28,5282,5310,0
2017-07-26 00:40:00,2017-07-26,00:40,25,5285,5310,0
2017-07-26 00:50:00,2017-07-26,00:50,20,5290,5310,0
2017-07-26 01:00:00,2017-07-26,01:00,16,5294,5310,0
2017-07-26 01:10:00,2017-07-26,01:10,19,5291,5310,0
2017-07-26 01:20:00,2017-07-26,01:20,19,5291,5310,0
2017-07-26 01:30:00,2017-07-26,01:30,17,5293,5310,0
2017-07-26 01:40:00,2017-07-26,01:40,25,5285,5310,0
2017-07-26 01:50:00,2017-07-26,01:50,24,5286,5310,0
2017-07-26 02:00:00,2017-07-26,02:00,19,5291,5310,0
2017-07-26 02:10:00,2017-07-26,02:10,15,5295,5310,0
2017-07-26 02:20:00,2017-07-26,02:20,10,5300,5310,0
2017-07-26 02:30:00,2017-07-26,02:30,12,5298,5310,0
2017-07-26 02:40:00,2017-07-26,02:40,11,5299,5310,0
2017-07-26 02:50:00,2017-07-26,02:50,17,5293,5310,0
2017-07-26 03:00:00,2017-07-26,03:00,17,5293,5310,0
2017-07-26 03:10:00,2017-07-26,03:10,13,5297,5310,0
2017-07-26 03:20:00,2017-07-26,03:20,11,5299,5310,0
2017-07-26 03:30:00,2017-07-26,03:30,11,5299,5310,0
2017-07-26 03:40:00,2017-07-26,03:40,9,5301,5310,0
2017-07-26 03:50:00,2017-07-26,03:50,11,5299,5310,0
2017-07-26 04:00:00,2017-07-26,04:00,16,5294,5310,0
2017-07-26 04:10:00,2017-07-26,04:10,12,5298,5310,0
2017-07-26 04:20:00,2017-07-26,04:20,8,5302,5310,0
2017-07-26 04:30:00,2017-07-26,04:30,8,5302,5310,0
2017-07-26 04:40:00,2017-07-26,04:40,11,5299,5310,0
2017-07-26 04:50:00,2017-07-26,04:50,11,5299,5310,0
2017-07-26 05:00:00,2017-07-26,05:00,14,5296,5310,0
2017-07-26 05:10:00,2017-07-26,05:10,20,5290,5310,0
2017-07-26 05:20:00,2017-07-26,05:20,23,5287,5310,0
2017-07-26 05:30:00,2017-07-26,05:30,32,5278,5310,0
2017-07-26 05:40:00,2017-07-26,05:40,43,5267,5310,0
2017-07-26 05:50:00,2017-07-26,05:50,48,5262,5310,0
2017-07-26 06:00:00,2017-07-26,06:00,59,5251,5310,0
2017-07-26 06:10:00,2017-07-26,06:10,77,5233,5310,0
2017-07-26 06:20:00,2017-07-26,06:20,97,5213,5310,0
2017-07-26 06:30:00,2017-07-26,06:30,112,5198,5310,0
2017-07-26 06:40:00,2017-07-26,06:40,158,5152,5310,0
2017-07-26 06:50:00,2017-07-26,06:50,196,5114,5310,0
2017-07-26 07:00:00,2017-07-26,07:00,167,5143,5310,0
2017-07-26 07:10:00,2017-07-26,07:10,191,5119,5310,0
2017-07-26 07:20:00,2017-07-26,07:20,223,5087,5310,0
2017-07-26 07:30:00,2017-07-26,07:30,233,5077,5310,0
2017-07-26 07:40:00,2017-07-26,07:40,291,5019,5310,0
2017-07-26 07:50:00,2017-07-26,07:50,323,4987,5310,0
2017-07-26 08:00:00,2017-07-26,08:00,300,5010,5310,0
2017-07-26 08:10:00,2017-07-26,08:10,313,4997,5310,0
2017-07-26 08:20:00,2017-07-26,08:20,339,4971,5310,0
2017-07-26 08:30:00,2017-07-26,08:30,336,4974,5310,0
2017-07-26 08:40:00,2017-07-26,08:40,334,4976,5310,0
2017-07-26 08:50:00,2017-07-26,08:50,318,4992,5310,0
2017-07-26 09:00:00,2017-07-26,09:00,251,5059,5310,0
2017-07-26 09:10:00,2017-07-26,09:10,200,5110,5310,0
2017-07-26 09:20:00,2017-07-26,09:20,185,5125,5310,0
2017-07-26 09:30:00,2017-07-26,09:30,150,5160,5310,0
2017-07-26 09:40:00,2017-07-26,09:40,120,5190,5310,0
2017-07-26 09:50:00,2017-07-26,09:50,130,5180,5310,0
2017-07-26 10:00:00,2017-07-26,10:00,115,5195,5310,0
2017-07-26 10:10:00,2017-07-26,10:10,148,5162,5310,0
2017-07-26 10:20:00,2017-07-26,10:20,154,5156,5310,0
2017-07-26 10:30:00,2017-07-26,10:30,154,5156,5310,0
2017-07-26 10:40:00,2017-07-26,10:40,171,5139,5310,0
2017-07-26 10:50:00,2017-07-26,10:50,176,5134,5310,0
2017-07-26 11:00:00,2017-07-26,11:00,156,5154,5310,0
2017-07-26 11:10:00,2017-07-26,11:10,177,5133,5310,0
2017-07-26 11:20:00,2017-07-26,11:20,197,5113,5310,0
2017-07-26 11:30:00,2017-07-26,11:30,247,5063,5310,0
2017-07-26 11:40:00,2017-07-26,11:40,238,5072,5310,0
2017-07-26 11:50:00,2017-07-26,11:50,229,5081,5310,0
2017-07-26 12:00:00,2017-07-26,12:00,203,5107,5310,0
2017-07-26 12:10:00,2017-07-26,12:10,234,5076,5310,0
2017-07-26 12:20:00,2017-07-26,12:20,222,5088,5310,0
2017-07-26 12:30:00,2017-07-26,12:30,231,5079,5310,0
2017-07-26 12:40:00,2017-07-26,12:40,249,5061,5310,0
2017-07-26 12:50:00,2017-07-26,12:50,244,5066,5310,0
2017-07-26 13:00:00,2017-07-26,13:00,200,5110,5310,0
2017-07-26 13:10:00,2017-07-26,13:10,213,5097,5310,0
2017-07-26 13:20:00,2017-07-26,13:20,209,5101,5310,0
2017-07-26 13:30:00,2017-07-26,13:30,239,5071,5310,0
2017-07-26 13:40:00,2017-07-26,13:40,260,5050,5310,0
2017-07-26 13:50:00,2017-07-26,13:50,263,5047,5310,0
2017-07-26 14:00:00,2017-07-26,14:00,204,5106,5310,0
2017-07-26 14:10:00,2017-07-26,14:10,237,5073,5310,0
2017-07-26 14:20:00,2017-07-26,14:20,245,5065,5310,0
2017-07-26 14:30:00,2017-07-26,14:30,268,5042,5310,0
2017-07-26 14:40:00,2017-07-26,14:40,279,5031,5310,0
2017-07-26 14:50:00,2017-07-26,14:50,284,5026,5310,0
2017-07-26 15:00:00,2017-07-26,15:00,303,5007,5310,0
2017-07-26 15:10:00,2017-07-26,15:10,336,4974,5310,0
2017-07-26 15:20:00,2017-07-26,15:20,336,4974,5310,0
2017-07-26 15:30:00,2017-07-26,15:30,327,4983,5310,0
2017-07-26 15:40:00,2017-07-26,15:40,311,4999,5310,0
2017-07-26 15:50:00,2017-07-26,15:50,279,5031,5310,0
2017-07-26 16:00:00,2017-07-26,16:00,326,4984,5310,0
2017-07-26 16:10:00,2017-07-26,16:10,379,4931,5310,0
2017-07-26 16:20:00,2017-07-26,16:20,392,4918,5310,0
2017-07-26 16:30:00,2017-07-26,16:30,378,4932,5310,0
2017-07-26 16:40:00,2017-07-26,16:40,463,4847,5310,0
2017-07-26 16:50:00,2017-07-26,16:50,483,4827,5310,0
2017-07-26 17:00:00,2017-07-26,17:00,557,4753,5310,0
2017-07-26 17:10:00,2017-07-26,17:10,626,4684,5310,0
2017-07-26 17:20:00,2017-07-26,17:20,657,4653,5310,0
2017-07-26 17:30:00,2017-07-26,17:30,647,4663,5310,0
2017-07-26 17:40:00,2017-07-26,17:40,648,4662,5310,0
2017-07-26 17:50:00,2017-07-26,17:50,593,4717,5310,0
2017-07-26 18:00:00,2017-07-26,18:00,549,4761,5310,0
2017-07-26 18:10:00,2017-07-26,18:10,533,4777,5310,0
2017-07-26 18:20:00,2017-07-26,18:20,506,4804,5310,0
2017-07-26 18:30:00,2017-07-26,18:30,489,4821,5310,0
2017-07-26 18:40:00,2017-07-26,18:40,486,4824,5310,0
2017-07-26 18:50:00,2017-07-26,18:50,444,4866,5310,0
2017-07-26 19:00:00,2017-07-26,19:00,381,4929,5310,0
2017-07-26 19:10:00,2017-07-26,19:10,362,4948,5310,0
2017-07-26 19:20:00,2017-07-26,19:20,332,4978,5310,0
2017-07-26 19:30:00,2017-07-26,19:30,301,5009,5310,0
2017-07-26 19:40:00,2017-07-26,19:40,320,4990,5310,0
2017-07-26 19:50:00,2017-07-26,19:50,300,5010,5310,0
2017-07-26 20:00:00,2017-07-26,20:00,307,5003,5310,0
2017-07-26 20:10:00,2017-07-26,20:10,270,5040,5310,0
2017-07-26 20:20:00,2017-07-26,20:20,240,5070,5310,0
2017-07-26 20:30:00,2017-07-26,20:30,250,5060,5310,0
2017-07-26 20:40:00,2017-07-26,20:40,238,5072,5310,0
2017-07-26 20:50:00,2017-07-26,20:50,203,5107,5310,0
2017-07-26 21:00:00,2017-07-26,21:00,211,5099,5310,0
2017-07-26 21:10:00,2017-07-26,21:10,193,5117,5310,0
2017-07-26 21:20:00,2017-07-26,21:20,168,5142,5310,0
2017-07-26 21:30:00,2017-07-26,21:30,177,5133,5310,0
2017-07-26 21:40:00,2017-07-26,21:40,167,5143,5310,0
2017-07-26 21:50:00,2017-07-26,21:50,160,5150,5310,0
2017-07-26 22:00:00,2017-07-26,22:00,145,5165,5310,0
2017-07-26 22:10:00,2017-07-26,22:10,146,5164,5310,0
2017-07-26 22:20:00,2017-07-26,22:20,126,5184,5310,0
2017-07-26 22:30:00,2017-07-26,22:30,112,5198,5310,0
2017-07-26 22:40:00,2017-07-26,22:40,92,5218,5310,0
2017-07-26 22:50:00,2017-07-26,22:50,96,5214,5310,0
2017-07-26 23:00:00,2017-07-26,23:00,92,5218,5310,0
2017-07-26 23:10:00,2017-07-26,23:10,75,5235,5310,0
2017-07-26 23:20:00,2017-07-26,23:20,65,5245,5310,0
2017-07-26 23:30:00,2017-07-26,23:30,59,5251,5310,0
2017-07-26 23:40:00,2017-07-26,23:40,48,5262,5310,0
2017-07-26 23:50:00,2017-07-26,23:50,46,5264,5310,0
2017-07-27 00:00:00,2017-07-27,00:00,36,5274,5310,0
2017-07-27 00:10:00,2017-07-27,00:10,27,5283,5310,0
2017-07-27 00:20:00,2017-07-27,00:20,26,5284,5310,0
2017-07-27 00:30:00,2017-07-27,00:30,25,5285,5310,0
2017-07-27 00:40:00,2017-07-27,00:40,23,5287,5310,0
2017-07-27 00:50:00,2017-07-27,00:50,21,5289,5310,0
2017-07-27 01:00:00,2017-07-27,01:00,22,5288,5310,0
2017-07-27 01:10:00,2017-07-27,01:10,22,5288,5310,0
2017-07-27 01:20:00,2017-07-27,01:20,22,5288,5310,0
2017-07-27 01:30:00,2017-07-27,01:30,23,5287,5310,0
2017-07-27 01:40:00,2017-07-27,01:40,17,5293,5310,0
2017-07-27 01:50:00,2017-07-27,01:50,16,5294,5310,0
2017-07-27 02:00:00,2017-07-27,02:00,17,5293,5310,0
2017-07-27 02:10:00,2017-07-27,02:10,12,5298,5310,0
2017-07-27 02:20:00,2017-07-27,02:20,16,5294,5310,0
2017-07-27 02:30:00,2017-07-27,02:30,12,5298,5310,0
2017-07-27 02:40:00,2017-07-27,02:40,15,5295,5310,0
2017-07-27 02:50:00,2017-07-27,02:50,12,5298,5310,0
2017-07-27 03:00:00,2017-07-27,03:00,15,5295,5310,0
2017-07-27 03:10:00,2017-07-27,03:10,14,5296,5310,0
2017-07-27 03:20:00,2017-07-27,03:20,13,5297,5310,0
2017-07-27 03:30:00,2017-07-27,03:30,15,5295,5310,0
2017-07-27 03:40:00,2017-07-27,03:40,12,5298,5310,0
2017-07-27 03:50:00,2017-07-27,03:50,14,5296,5310,0
2017-07-27 04:00:00,2017-07-27,04:00,12,5298,5310,0
2017-07-27 04:10:00,2017-07-27,04:10,13,5297,5310,0
2017-07-27 04:20:00,2017-07-27,04:20,14,5296,5310,0
2017-07-27 04:30:00,2017-07-27,04:30,16,5294,5310,0
2017-07-27 04:40:00,2017-07-27,04:40,10,5300,5310,0
2017-07-27 04:50:00,2017-07-27,04:50,12,5298,5310,0
2017-07-27 05:00:00,2017-07-27,05:00,15,5295,5310,0
2017-07-27 05:10:00,2017-07-27,05:10,20,5290,5310,0
2017-07-27 05:20:00,2017-07-27,05:20,18,5292,5310,0
2017-07-27 05:30:00,2017-07-27,05:30,37,5273,5310,0
2017-07-27 05:40:00,2017-07-27,05:40,46,5264,5310,0
2017-07-27 05:50:00,2017-07-27,05:50,61,5249,5310,0
2017-07-27 06:00:00,2017-07-27,06:00,56,5254,5310,0
2017-07-27 06:10:00,2017-07-27,06:10,78,5232,5310,0
2017-07-27 06:20:00,2017-07-27,06:20,99,5211,5310,0
2017-07-27 06:30:00,2017-07-27,06:30,109,5201,5310,0
2017-07-27 06:40:00,2017-07-27,06:40,123,5187,5310,0
2017-07-27 06:50:00,2017-07-27,06:50,151,5159,5310,0
2017-07-27 07:00:00,2017-07-27,07:00,126,5184,5310,0
2017-07-27 07:10:00,2017-07-27,07:10,166,5144,5310,0
2017-07-27 07:20:00,2017-07-27,07:20,201,5109,5310,0
2017-07-27 07:30:00,2017-07-27,07:30,231,5079,5310,0
2017-07-27 07:40:00,2017-07-27,07:40,257,5053,5310,0
2017-07-27 07:50:00,2017-07-27,07:50,268,5042,5310,0
2017-07-27 08:00:00,2017-07-27,08:00,275,5035,5310,0
2017-07-27 08:10:00,2017-07-27,08:10,273,5037,5310,0
2017-07-27 08:20:00,2017-07-27,08:20,322,4988,5310,0
2017-07-27 08:30:00,2017-07-27,08:30,320,4990,5310,0
2017-07-27 08:40:00,2017-07-27,08:40,328,4982,5310,0
2017-07-27 08:50:00,2017-07-27,08:50,294,5016,5310,0
2017-07-27 09:00:00,2017-07-27,09:00,254,5056,5310,0
2017-07-27 09:10:00,2017-07-27,09:10,219,5091,5310,0
2017-07-27 09:20:00,2017-07-27,09:20,170,5140,5310,0
2017-07-27 09:30:00,2017-07-27,09:30,147,5163,5310,0
2017-07-27 09:40:00,2017-07-27,09:40,137,5173,5310,0
2017-07-27 09:50:00,2017-07-27,09:50,152,5158,5310,0
2017-07-27 10:00:00,2017-07-27,10:00,167,5143,5310,0
2017-07-27 10:10:00,2017-07-27,10:10,153,5157,5310,0
2017-07-27 10:20:00,2017-07-27,10:20,144,5166,5310,0
2017-07-27 10:30:00,2017-07-27,10:30,148,5162,5310,0
2017-07-27 10:40:00,2017-07-27,10:40,141,5169,5310,0
2017-07-27 10:50:00,2017-07-27,10:50,150,5160,5310,0
2017-07-27 11:00:00,2017-07-27,11:00,173,5137,5310,0
2017-07-27 11:10:00,2017-07-27,11:10,170,5140,5310,0
2017-07-27 11:20:00,2017-07-27,11:20,179,5131,5310,0
2017-07-27 11:30:00,2017-07-27,11:30,176,5134,5310,0
2017-07-27 11:40:00,2017-07-27,11:40,210,5100,5310,0
2017-07-27 11:50:00,2017-07-27,11:50,232,5078,5310,0
2017-07-27 12:00:00,2017-07-27,12:00,228,5082,5310,0
2017-07-27 12:10:00,2017-07-27,12:10,216,5094,5310,0
2017-07-27 12:20:00,2017-07-27,12:20,203,5107,5310,0
2017-07-27 12:30:00,2017-07-27,12:30,236,5074,5310,0
2017-07-27 12:40:00,2017-07-27,12:40,230,5080,5310,0
2017-07-27 12:50:00,2017-07-27,12:50,251,5059,5310,0
2017-07-27 13:00:00,2017-07-27,13:00,258,5052,5310,0
2017-07-27 13:10:00,2017-07-27,13:10,216,5094,5310,0
2017-07-27 13:20:00,2017-07-27,13:20,231,5079,5310,0
2017-07-27 13:30:00,2017-07-27,13:30,222,5088,5310,0
2017-07-27 13:40:00,2017-07-27,13:40,229,5081,5310,0
2017-07-27 13:50:00,2017-07-27,13:50,215,5095,5310,0
2017-07-27 14:00:00,2017-07-27,14:00,256,5054,5310,0
2017-07-27 14:10:00,2017-07-27,14:10,256,5054,5310,0
2017-07-27 14:20:00,2017-07-27,14:20,245,5065,5310,0
2017-07-27 14:30:00,2017-07-27,14:30,246,5064,5310,0
2017-07-27 14:40:00,2017-07-27,14:40,263,5047,5310,0
2017-07-27 14:50:00,2017-07-27,14:50,276,5034,5310,0
2017-07-27 15:00:00,2017-07-27,15:00,265,5045,5310,0
2017-07-27 15:10:00,2017-07-27,15:10,245,5065,5310,0
2017-07-27 15:20:00,2017-07-27,15:20,266,5044,5310,0
2017-07-27 15:30:00,2017-07-27,15:30,242,5068,5310,0
2017-07-27 15:40:00,2017-07-27,15:40,272,5038,5310,0
2017-07-27 15:50:00,2017-07-27,15:50,269,5041,5310,0
2017-07-27 16:00:00,2017-07-27,16:00,268,5042,5310,0
2017-07-27 16:10:00,2017-07-27,16:10,310,5000,5310,0
2017-07-27 16:20:00,2017-07-27,16:20,343,4967,5310,0
2017-07-27 16:30:00,2017-07-27,16:30,394,4916,5310,0
2017-07-27 16:40:00,2017-07-27,16:40,434,4876,5310,0
2017-07-27 16:50:00,2017-07-27,16:50,454,4856,5310,0
2017-07-27 17:00:00,2017-07-27,17:00,517,4793,5310,0
2017-07-27 17:10:00,2017-07-27,17:10,599,4711,5310,0
2017-07-27 17:20:00,2017-07-27,17:20,644,4666,5310,0
2017-07-27 17:30:00,2017-07-27,17:30,616,4694,5310,0
2017-07-27 17:40:00,2017-07-27,17:40,603,4707,5310,0
2017-07-27 17:50:00,2017-07-27,17:50,618,4692,5310,0
2017-07-27 18:00:00,2017-07-27,18:00,535,4775,5310,0
2017-07-27 18:10:00,2017-07-27,18:10,584,4726,5310,0
2017-07-27 18:20:00,2017-07-27,18:20,533,4777,5310,0
2017-07-27 18:30:00,2017-07-27,18:30,493,4817,5310,0
2017-07-27 18:40:00,2017-07-27,18:40,449,4861,5310,0
2017-07-27 18:50:00,2017-07-27,18:50,410,4900,5310,0
2017-07-27 19:00:00,2017-07-27,19:00,384,4926,5310,0
2017-07-27 19:10:00,2017-07-27,19:10,370,4940,5310,0
2017-07-27 19:20:00,2017-07-27,19:20,359,4951,5310,0
2017-07-27 19:30:00,2017-07-27,19:30,307,5003,5310,0
2017-07-27 19:40:00,2017-07-27,19:40,314,4996,5310,0
2017-07-27 19:50:00,2017-07-27,19:50,299,5011,5310,0
2017-07-27 20:00:00,2017-07-27,20:00,280,5030,5310,0
2017-07-27 20:10:00,2017-07-27,20:10,269,5041,5310,0
2017-07-27 20:20:00,2017-07-27,20:20,276,5034,5310,0
2017-07-27 20:30:00,2017-07-27,20:30,261,5049,5310,0
2017-07-27 20:40:00,2017-07-27,20:40,238,5072,5310,0
2017-07-27 20:50:00,2017-07-27,20:50,175,5135,5310,0
2017-07-27 21:00:00,2017-07-27,21:00,188,5122,5310,0
2017-07-27 21:10:00,2017-07-27,21:10,197,5113,5310,0
2017-07-27 21:20:00,2017-07-27,21:20,174,5136,5310,0
2017-07-27 21:30:00,2017-07-27,21:30,146,5164,5310,0
2017-07-27 21:40:00,2017-07-27,21:40,153,5157,5310,0
2017-07-27 21:50:00,2017-07-27,21:50,135,5175,5310,0
2017-07-27 22:00:00,2017-07-27,22:00,134,5176,5310,0
2017-07-27 22:10:00,2017-07-27,22:10,123,5187,5310,0
2017-07-27 22:20:00,2017-07-27,22:20,125,5185,5310,0
2017-07-27 22:30:00,2017-07-27,22:30,116,5194,5310,0
2017-07-27 22:40:00,2017-07-27,22:40,96,5214,5310,0
2017-07-27 22:50:00,2017-07-27,22:50,68,5242,5310,0
2017-07-27 23:00:00,2017-07-27,23:00,77,5233,5310,0
2017-07-27 23:10:00,2017-07-27,23:10,73,5237,5310,0
2017-07-27 23:20:00,2017-07-27,23:20,62,5248,5310,0
2017-07-27 23:30:00,2017-07-27,23:30,54,5256,5310,0
2017-07-27 23:40:00,2017-07-27,23:40,57,5253,5310,0
2017-07-27 23:50:00,2017-07-27,23:50,51,5259,5310,0
2017-07-28 00:00:00,2017-07-28,00:00,43,5267,5310,0
2017-07-28 00:10:00,2017-07-28,00:10,51,5259,5310,0
2017-07-28 00:20:00,2017-07-28,00:20,44,5266,5310,0
2017-07-28 00:30:00,2017-07-28,00:30,46,5264,5310,0
2017-07-28 00:40:00,2017-07-28,00:40,40,5270,5310,0
2017-07-28 00:50:00,2017-07-28,00:50,42,5268,5310,0
2017-07-28 01:00:00,2017-07-28,01:00,30,5280,5310,0
2017-07-28 01:10:00,2017-07-28,01:10,31,5279,5310,0
2017-07-28 01:20:00,2017-07-28,01:20,30,5280,5310,0
2017-07-28 01:30:00,2017-07-28,01:30,29,5281,5310,0
2017-07-28 01:40:00,2017-07-28,01:40,28,5282,5310,0
2017-07-28 01:50:00,2017-07-28,01:50,30,5280,5310,0
2017-07-28 02:00:00,2017-07-28,02:00,32,5278,5310,0
2017-07-28 02:10:00,2017-07-28,02:10,29,5281,5310,0
2017-07-28 02:20:00,2017-07-28,02:20,21,5289,5310,0
2017-07-28 02:30:00,2017-07-28,02:30,18,5292,5310,0
2017-07-28 02:40:00,2017-07-28,02:40,19,5291,5310,0
2017-07-28 02:50:00,2017-07-28,02:50,20,5290,5310,0
2017-07-28 03:00:00,2017-07-28,03:00,13,5297,5310,0
2017-07-28 03:10:00,2017-07-28,03:10,18,5292,5310,0
2017-07-28 03:20:00,2017-07-28,03:20,19,5291,5310,0
2017-07-28 03:30:00,2017-07-28,03:30,15,5295,5310,0
2017-07-28 03:40:00,2017-07-28,03:40,15,5295,5310,0
2017-07-28 03:50:00,2017-07-28,03:50,12,5298,5310,0
2017-07-28 04:00:00,2017-07-28,04:00,13,5297,5310,0
2017-07-28 04:10:00,2017-07-28,04:10,11,5299,5310,0
2017-07-28 04:20:00,2017-07-28,04:20,11,5299,5310,0
2017-07-28 04:30:00,2017-07-28,04:30,12,5298,5310,0
2017-07-28 04:40:00,2017-07-28,04:40,16,5294,5310,0
2017-07-28 04:50:00,2017-07-28,04:50,16,5294,5310,0
2017-07-28 05:00:00,2017-07-28,05:00,14,5296,5310,0
2017-07-28 05:10:00,2017-07-28,05:10,21,5289,5310,0
2017-07-28 05:20:00,2017-07-28,05:20,23,5287,5310,0
2017-07-28 05:30:00,2017-07-28,05:30,39,5271,5310,0
2017-07-28 05:40:00,2017-07-28,05:40,52,5258,5310,0
2017-07-28 05:50:00,2017-07-28,05:50,57,5253,5310,0
2017-07-28 06:00:00,2017-07-28,06:00,53,5257,5310,0
2017-07-28 06:10:00,2017-07-28,06:10,79,5231,5310,0
2017-07-28 06:20:00,2017-07-28,06:20,92,5218,5310,0
2017-07-28 06:30:00,2017-07-28,06:30,98,5212,5310,0
2017-07-28 06:40:00,2017-07-28,06:40,115,5195,5310,0
2017-07-28 06:50:00,2017-07-28,06:50,124,5186,5310,0
2017-07-28 07:00:00,2017-07-28,07:00,127,5183,5310,0
2017-07-28 07:10:00,2017-07-28,07:10,151,5159,5310,0
2017-07-28 07:20:00,2017-07-28,07:20,192,5118,5310,0
2017-07-28 07:30:00,2017-07-28,07:30,230,5080,5310,0
2017-07-28 07:40:00,2017-07-28,07:40,221,5089,5310,0
2017-07-28 07:50:00,2017-07-28,07:50,291,5019,5310,0
2017-07-28 08:00:00,2017-07-28,08:00,297,5013,5310,0
2017-07-28 08:10:00,2017-07-28,08:10,276,5034,5310,0
2017-07-28 08:20:00,2017-07-28,08:20,294,5016,5310,0
2017-07-28 08:30:00,2017-07-28,08:30,330,4980,5310,0
2017-07-28 08:40:00,2017-07-28,08:40,335,4975,5310,0
2017-07-28 08:50:00,2017-07-28,08:50,339,4971,5310,0
2017-07-28 09:00:00,2017-07-28,09:00,258,5052,5310,0
2017-07-28 09:10:00,2017-07-28,09:10,226,5084,5310,0
2017-07-28 09:20:00,2017-07-28,09:20,211,5099,5310,0
2017-07-28 09:30:00,2017-07-28,09:30,186,5124,5310,0
2017-07-28 09:40:00,2017-07-28,09:40,179,5131,5310,0
2017-07-28 09:50:00,2017-07-28,09:50,181,5129,5310,0
2017-07-28 10:00:00,2017-07-28,10:00,179,5131,5310,0
2017-07-28 10:10:00,2017-07-28,10:10,166,5144,5310,0
2017-07-28 10:20:00,2017-07-28,10:20,177,5133,5310,0
2017-07-28 10:30:00,2017-07-28,10:30,164,5146,5310,0
2017-07-28 10:40:00,2017-07-28,10:40,190,5120,5310,0
2017-07-28 10:50:00,2017-07-28,10:50,222,5088,5310,0
2017-07-28 11:00:00,2017-07-28,11:00,235,5075,5310,0
2017-07-28 11:10:00,2017-07-28,11:10,234,5076,5310,0
2017-07-28 11:20:00,2017-07-28,11:20,270,5040,5310,0
2017-07-28 11:30:00,2017-07-28,11:30,270,5040,5310,0
2017-07-28 11:40:00,2017-07-28,11:40,280,5030,5310,0
2017-07-28 11:50:00,2017-07-28,11:50,297,5013,5310,0
2017-07-28 12:00:00,2017-07-28,12:00,293,5017,5310,0
2017-07-28 12:10:00,2017-07-28,12:10,310,5000,5310,0
2017-07-28 12:20:00,2017-07-28,12:20,318,4992,5310,0
2017-07-28 12:30:00,2017-07-28,12:30,339,4971,5310,0
2017-07-28 12:40:00,2017-07-28,12:40,352,4958,5310,0
2017-07-28 12:50:00,2017-07-28,12:50,362,4948,5310,0
2017-07-28 13:00:00,2017-07-28,13:00,327,4983,5310,0
2017-07-28 13:10:00,2017-07-28,13:10,335,4975,5310,0
2017-07-28 13:20:00,2017-07-28,13:20,361,4949,5310,0
2017-07-28 13:30:00,2017-07-28,13:30,340,4970,5310,0
2017-07-28 13:40:00,2017-07-28,13:40,329,4981,5310,0
2017-07-28 13:50:00,2017-07-28,13:50,350,4960,5310,0
2017-07-28 14:00:00,2017-07-28,14:00,367,4943,5310,0
2017-07-28 14:10:00,2017-07-28,14:10,408,4902,5310,0
2017-07-28 14:20:00,2017-07-28,14:20,419,4891,5310,0
2017-07-28 14:30:00,2017-07-28,14:30,396,4914,5310,0
2017-07-28 14:40:00,2017-07-28,14:40,385,4925,5310,0
2017-07-28 14:50:00,2017-07-28,14:50,395,4915,5310,0
2017-07-28 15:00:00,2017-07-28,15:00,400,4910,5310,0
2017-07-28 15:10:00,2017-07-28,15:10,415,4895,5310,0
2017-07-28 15:20:00,2017-07-28,15:20,443,4867,5310,0
2017-07-28 15:30:00,2017-07-28,15:30,443,4867,5310,0
2017-07-28 15:40:00,2017-07-28,15:40,452,4858,5310,0
2017-07-28 15:50:00,2017-07-28,15:50,470,4840,5310,0
2017-07-28 16:00:00,2017-07-28,16:00,440,4870,5310,0
2017-07-28 16:10:00,2017-07-28,16:10,512,4798,5310,0
2017-07-28 16:20:00,2017-07-28,16:20,513,4797,5310,0
2017-07-28 16:30:00,2017-07-28,16:30,544,4766,5310,0
2017-07-28 16:40:00,2017-07-28,16:40,571,4739,5310,0
2017-07-28 16:50:00,2017-07-28,16:50,586,4724,5310,0
2017-07-28 17:00:00,2017-07-28,17:00,579,4731,5310,0
2017-07-28 17:10:00,2017-07-28,17:10,630,4680,5310,0
2017-07-28 17:20:00,2017-07-28,17:20,628,4682,5310,0
2017-07-28 17:30:00,2017-07-28,17:30,642,4668,5310,0
2017-07-28 17:40:00,2017-07-28,17:40,607,4703,5310,0
2017-07-28 17:50:00,2017-07-28,17:50,556,4754,5310,0
2017-07-28 18:00:00,2017-07-28,18:00,498,4812,5310,0
2017-07-28 18:10:00,2017-07-28,18:10,483,4827,5310,0
2017-07-28 18:20:00,2017-07-28,18:20,493,4817,5310,0
2017-07-28 18:30:00,2017-07-28,18:30,511,4799,5310,0
2017-07-28 18:40:00,2017-07-28,18:40,429,4881,5310,0
2017-07-28 18:50:00,2017-07-28,18:50,405,4905,5310,0
2017-07-28 19:00:00,2017-07-28,19:00,413,4897,5310,0
2017-07-28 19:10:00,2017-07-28,19:10,397,4913,5310,0
2017-07-28 19:20:00,2017-07-28,19:20,355,4955,5310,0
2017-07-28 19:30:00,2017-07-28,19:30,330,4980,5310,0
2017-07-28 19:40:00,2017-07-28,19:40,319,4991,5310,0
2017-07-28 19:50:00,2017-07-28,19:50,323,4987,5310,0
2017-07-28 20:00:00,2017-07-28,20:00,285,5025,5310,0
2017-07-28 20:10:00,2017-07-28,20:10,264,5046,5310,0
2017-07-28 20:20:00,2017-07-28,20:20,231,5079,5310,0
2017-07-28 20:30:00,2017-07-28,20:30,261,5049,5310,0
2017-07-28 20:40:00,2017-07-28,20:40,231,5079,5310,0
2017-07-28 20:50:00,2017-07-28,20:50,209,5101,5310,0
2017-07-28 21:00:00,2017-07-28,21:00,184,5126,5310,0
2017-07-28 21:10:00,2017-07-28,21:10,166,5144,5310,0
2017-07-28 21:20:00,2017-07-28,21:20,170,5140,5310,0
2017-07-28 21:30:00,2017-07-28,21:30,174,5136,5310,0
2017-07-28 21:40:00,2017-07-28,21:40,148,5162,5310,0
2017-07-28 21:50:00,2017-07-28,21:50,127,5183,5310,0
2017-07-28 22:00:00,2017-07-28,22:00,110,5200,5310,0
2017-07-28 22:10:00,2017-07-28,22:10,100,5210,5310,0
2017-07-28 22:20:00,2017-07-28,22:20,101,5209,5310,0
2017-07-28 22:30:00,2017-07-28,22:30,101,5209,5310,0
2017-07-28 22:40:00,2017-07-28,22:40,94,5216,5310,0
2017-07-28 22:50:00,2017-07-28,22:50,97,5213,5310,0
2017-07-28 23:00:00,2017-07-28,23:00,81,5229,5310,0
2017-07-28 23:10:00,2017-07-28,23:10,101,5209,5310,0
2017-07-28 23:20:00,2017-07-28,23:20,97,5213,5310,0
2017-07-28 23:30:00,2017-07-28,23:30,89,5221,5310,0
2017-07-28 23:40:00,2017-07-28,23:40,84,5226,5310,0
2017-07-28 23:50:00,2017-07-28,23:50,57,5253,5310,0
2017-07-29 00:00:00,2017-07-29,00:00,54,5256,5310,0
2017-07-29 00:10:00,2017-07-29,00:10,56,5254,5310,0
2017-07-29 00:20:00,2017-07-29,00:20,65,5245,5310,0
2017-07-29 00:30:00,2017-07-29,00:30,63,5247,5310,0
2017-07-29 00:40:00,2017-07-29,00:40,51,5259,5310,0
2017-07-29 00:50:00,2017-07-29,00:50,56,5254,5310,0
2017-07-29 01:00:00,2017-07-29,01:00,41,5269,5310,0
2017-07-29 01:10:00,2017-07-29,01:10,37,5273,5310,0
2017-07-29 01:20:00,2017-07-29,01:20,42,5268,5310,0
2017-07-29 01:30:00,2017-07-29,01:30,42,5268,5310,0
2017-07-29 01:40:00,2017-07-29,01:40,31,5279,5310,0
2017-07-29 01:50:00,2017-07-29,01:50,35,5275,5310,0
2017-07-29 02:00:00,2017-07-29,02:00,41,5269,5310,0
2017-07-29 02:10:00,2017-07-29,02:10,43,5267,5310,0
2017-07-29 02:20:00,2017-07-29,02:20,31,5279,5310,0
2017-07-29 02:30:00,2017-07-29,02:30,25,5285,5310,0
2017-07-29 02:40:00,2017-07-29,02:40,26,5284,5310,0
2017-07-29 02:50:00,2017-07-29,02:50,19,5291,5310,0
2017-07-29 03:00:00,2017-07-29,03:00,17,5293,5310,0
2017-07-29 03:10:00,2017-07-29,03:10,19,5291,5310,0
2017-07-29 03:20:00,2017-07-29,03:20,17,5293,5310,0
2017-07-29 03:30:00,2017-07-29,03:30,18,5292,5310,0
2017-07-29 03:40:00,2017-07-29,03:40,13,5297,5310,0
2017-07-29 03:50:00,2017-07-29,03:50,10,5300,5310,0
2017-07-29 04:00:00,2017-07-29,04:00,12,5298,5310,0
2017-07-29 04:10:00,2017-07-29,04:10,14,5296,5310,0
2017-07-29 04:20:00,2017-07-29,04:20,13,5297,5310,0
2017-07-29 04:30:00,2017-07-29,04:30,12,5298,5310,0
2017-07-29 04:40:00,2017-07-29,04:40,14,5296,5310,0
2017-07-29 04:50:00,2017-07-29,04:50,10,5300,5310,0
2017-07-29 05:00:00,2017-07-29,05:00,13,5297,5310,0
2017-07-29 05:10:00,2017-07-29,05:10,13,5297,5310,0
2017-07-29 05:20:00,2017-07-29,05:20,11,5299,5310,0
2017-07-29 05:30:00,2017-07-29,05:30,17,5293,5310,0
2017-07-29 05:40:00,2017-07-29,05:40,19,5291,5310,0
2017-07-29 05:50:00,2017-07-29,05:50,25,5285,5310,0
2017-07-29 06:00:00,2017-07-29,06:00,20,5290,5310,0
2017-07-29 06:10:00,2017-07-29,06:10,29,5281,5310,0
2017-07-29 06:20:00,2017-07-29,06:20,41,5269,5310,0
2017-07-29 06:30:00,2017-07-29,06:30,44,5266,5310,0
2017-07-29 06:40:00,2017-07-29,06:40,47,5263,5310,0
2017-07-29 06:50:00,2017-07-29,06:50,50,5260,5310,0
2017-07-29 07:00:00,2017-07-29,07:00,45,5265,5310,0
2017-07-29 07:10:00,2017-07-29,07:10,46,5264,5310,0
2017-07-29 07:20:00,2017-07-29,07:20,47,5263,5310,0
2017-07-29 07:30:00,2017-07-29,07:30,62,5248,5310,0
2017-07-29 07:40:00,2017-07-29,07:40,77,5233,5310,0
2017-07-29 07:50:00,2017-07-29,07:50,87,5223,5310,0
2017-07-29 08:00:00,2017-07-29,08:00,94,5216,5310,0
2017-07-29 08:10:00,2017-07-29,08:10,96,5214,5310,0
2017-07-29 08:20:00,2017-07-29,08:20,123,5187,5310,0
2017-07-29 08:30:00,2017-07-29,08:30,123,5187,5310,0
2017-07-29 08:40:00,2017-07-29,08:40,138,5172,5310,0
2017-07-29 08:50:00,2017-07-29,08:50,175,5135,5310,0
2017-07-29 09:00:00,2017-07-29,09:00,190,5120,5310,0
2017-07-29 09:10:00,2017-07-29,09:10,179,5131,5310,0
2017-07-29 09:20:00,2017-07-29,09:20,196,5114,5310,0
2017-07-29 09:30:00,2017-07-29,09:30,246,5064,5310,0
2017-07-29 09:40:00,2017-07-29,09:40,286,5024,5310,0
2017-07-29 09:50:00,2017-07-29,09:50,331,4979,5310,0
2017-07-29 10:00:00,2017-07-29,10:00,337,4973,5310,0
2017-07-29 10:10:00,2017-07-29,10:10,371,4939,5310,0
2017-07-29 10:20:00,2017-07-29,10:20,408,4902,5310,0
2017-07-29 10:30:00,2017-07-29,10:30,407,4903,5310,0
2017-07-29 10:40:00,2017-07-29,10:40,442,4868,5310,0
2017-07-29 10:50:00,2017-07-29,10:50,507,4803,5310,0
2017-07-29 11:00:00,2017-07-29,11:00,531,4779,5310,0
2017-07-29 11:10:00,2017-07-29,11:10,555,4755,5310,0
2017-07-29 11:20:00,2017-07-29,11:20,542,4768,5310,0
2017-07-29 11:30:00,2017-07-29,11:30,573,4737,5310,0
2017-07-29 11:40:00,2017-07-29,11:40,625,4685,5310,0
2017-07-29 11:50:00,2017-07-29,11:50,660,4650,5310,0
2017-07-29 12:00:00,2017-07-29,12:00,717,4593,5310,0
2017-07-29 12:10:00,2017-07-29,12:10,682,4628,5310,0
2017-07-29 12:20:00,2017-07-29,12:20,674,4636,5310,0
2017-07-29 12:30:00,2017-07-29,12:30,687,4623,5310,0
2017-07-29 12:40:00,2017-07-29,12:40,727,4583,5310,0
2017-07-29 12:50:00,2017-07-29,12:50,699,4611,5310,0
2017-07-29 13:00:00,2017-07-29,13:00,739,4571,5310,0
2017-07-29 13:10:00,2017-07-29,13:10,703,4607,5310,0
2017-07-29 13:20:00,2017-07-29,13:20,747,4563,5310,0
2017-07-29 13:30:00,2017-07-29,13:30,714,4596,5310,0
2017-07-29 13:40:00,2017-07-29,13:40,721,4589,5310,0
2017-07-29 13:50:00,2017-07-29,13:50,743,4567,5310,0
2017-07-29 14:00:00,2017-07-29,14:00,788,4522,5310,0
2017-07-29 14:10:00,2017-07-29,14:10,778,4532,5310,0
2017-07-29 14:20:00,2017-07-29,14:20,775,4535,5310,0
2017-07-29 14:30:00,2017-07-29,14:30,777,4533,5310,0
2017-07-29 14:40:00,2017-07-29,14:40,742,4568,5310,0
2017-07-29 14:50:00,2017-07-29,14:50,759,4551,5310,0
2017-07-29 15:00:00,2017-07-29,15:00,744,4566,5310,0
2017-07-29 15:10:00,2017-07-29,15:10,779,4531,5310,0
2017-07-29 15:20:00,2017-07-29,15:20,751,4559,5310,0
2017-07-29 15:30:00,2017-07-29,15:30,754,4556,5310,0
2017-07-29 15:40:00,2017-07-29,15:40,749,4561,5310,0
2017-07-29 15:50:00,2017-07-29,15:50,780,4530,5310,0
2017-07-29 16:00:00,2017-07-29,16:00,806,4504,5310,0
2017-07-29 16:10:00,2017-07-29,16:10,773,4537,5310,0
2017-07-29 16:20:00,2017-07-29,16:20,771,4539,5310,0
2017-07-29 16:30:00,2017-07-29,16:30,752,4558,5310,0
2017-07-29 16:40:00,2017-07-29,16:40,816,4494,5310,0
2017-07-29 16:50:00,2017-07-29,16:50,788,4522,5310,0
2017-07-29 17:00:00,2017-07-29,17:00,776,4534,5310,0
2017-07-29 17:10:00,2017-07-29,17:10,739,4571,5310,0
2017-07-29 17:20:00,2017-07-29,17:20,729,4581,5310,0
2017-07-29 17:30:00,2017-07-29,17:30,703,4607,5310,0
2017-07-29 17:40:00,2017-07-29,17:40,670,4640,5310,0
2017-07-29 17:50:00,2017-07-29,17:50,615,4695,5310,0
2017-07-29 18:00:00,2017-07-29,18:00,597,4713,5310,0
2017-07-29 18:10:00,2017-07-29,18:10,567,4743,5310,0
2017-07-29 18:20:00,2017-07-29,18:20,574,4736,5310,0
2017-07-29 18:30:00,2017-07-29,18:30,550,4760,5310,0
2017-07-29 18:40:00,2017-07-29,18:40,558,4752,5310,0
2017-07-29 18:50:00,2017-07-29,18:50,529,4781,5310,0
2017-07-29 19:00:00,2017-07-29,19:00,529,4781,5310,0
2017-07-29 19:10:00,2017-07-29,19:10,493,4817,5310,0
2017-07-29 19:20:00,2017-07-29,19:20,446,4864,5310,0
2017-07-29 19:30:00,2017-07-29,19:30,439,4871,5310,0
2017-07-29 19:40:00,2017-07-29,19:40,422,4888,5310,0
2017-07-29 19:50:00,2017-07-29,19:50,394,4916,5310,0
2017-07-29 20:00:00,2017-07-29,20:00,354,4956,5310,0
2017-07-29 20:10:00,2017-07-29,20:10,360,4950,5310,0
2017-07-29 20:20:00,2017-07-29,20:20,383,4927,5310,0
2017-07-29 20:30:00,2017-07-29,20:30,339,4971,5310,0
2017-07-29 20:40:00,2017-07-29,20:40,281,5029,5310,0
2017-07-29 20:50:00,2017-07-29,20:50,255,5055,5310,0
2017-07-29 21:00:00,2017-07-29,21:00,231,5079,5310,0
2017-07-29 21:10:00,2017-07-29,21:10,206,5104,5310,0
2017-07-29 21:20:00,2017-07-29,21:20,192,5118,5310,0
2017-07-29 21:30:00,2017-07-29,21:30,208,5102,5310,0
2017-07-29 21:40:00,2017-07-29,21:40,178,5132,5310,0
2017-07-29 21:50:00,2017-07-29,21:50,203,5107,5310,0
2017-07-29 22:00:00,2017-07-29,22:00,199,5111,5310,0
2017-07-29 22:10:00,2017-07-29,22:10,183,5127,5310,0
2017-07-29 22:20:00,2017-07-29,22:20,156,5154,5310,0
2017-07-29 22:30:00,2017-07-29,22:30,147,5163,5310,0
2017-07-29 22:40:00,2017-07-29,22:40,148,5162,5310,0
2017-07-29 22:50:00,2017-07-29,22:50,162,5148,5310,0
2017-07-29 23:00:00,2017-07-29,23:00,152,5158,5310,0
2017-07-29 23:10:00,2017-07-29,23:10,116,5194,5310,0
2017-07-29 23:20:00,2017-07-29,23:20,140,5170,5310,0
2017-07-29 23:30:00,2017-07-29,23:30,129,5181,5310,0
2017-07-29 23:40:00,2017-07-29,23:40,94,5216,5310,0
2017-07-29 23:50:00,2017-07-29,23:50,93,5217,5310,0
2017-07-30 00:00:00,2017-07-30,00:00,78,5232,5310,0
2017-07-30 00:10:00,2017-07-30,00:10,83,5227,5310,0
2017-07-30 00:20:00,2017-07-30,00:20,79,5231,5310,0
2017-07-30 00:30:00,2017-07-30,00:30,77,5233,5310,0
2017-07-30 00:40:00,2017-07-30,00:40,70,5240,5310,0
2017-07-30 00:50:00,2017-07-30,00:50,64,5246,5310,0
2017-07-30 01:00:00,2017-07-30,01:00,59,5251,5310,0
2017-07-30 01:10:00,2017-07-30,01:10,46,5264,5310,0
2017-07-30 01:20:00,2017-07-30,01:20,50,5260,5310,0
2017-07-30 01:30:00,2017-07-30,01:30,56,5254,5310,0
2017-07-30 01:40:00,2017-07-30,01:40,54,5256,5310,0
2017-07-30 01:50:00,2017-07-30,01:50,53,5257,5310,0
2017-07-30 02:00:00,2017-07-30,02:00,41,5269,5310,0
2017-07-30 02:10:00,2017-07-30,02:10,33,5277,5310,0
2017-07-30 02:20:00,2017-07-30,02:20,40,5270,5310,0
2017-07-30 02:30:00,2017-07-30,02:30,34,5276,5310,0
2017-07-30 02:40:00,2017-07-30,02:40,26,5284,5310,0
2017-07-30 02:50:00,2017-07-30,02:50,30,5280,5310,0
2017-07-30 03:00:00,2017-07-30,03:00,20,5290,5310,0
2017-07-30 03:10:00,2017-07-30,03:10,27,5283,5310,0
2017-07-30 03:20:00,2017-07-30,03:20,22,5288,5310,0
2017-07-30 03:30:00,2017-07-30,03:30,18,5292,5310,0
2017-07-30 03:40:00,2017-07-30,03:40,16,5294,5310,0
2017-07-30 03:50:00,2017-07-30,03:50,15,5295,5310,0
2017-07-30 04:00:00,2017-07-30,04:00,16,5294,5310,0
2017-07-30 04:10:00,2017-07-30,04:10,18,5292,5310,0
2017-07-30 04:20:00,2017-07-30,04:20,20,5290,5310,0
2017-07-30 04:30:00,2017-07-30,04:30,16,5294,5310,0
2017-07-30 04:40:00,2017-07-30,04:40,10,5300,5310,0
2017-07-30 04:50:00,2017-07-30,04:50,13,5297,5310,0
2017-07-30 05:00:00,2017-07-30,05:00,13,5297,5310,0
2017-07-30 05:10:00,2017-07-30,05:10,14,5296,5310,0
2017-07-30 05:20:00,2017-07-30,05:20,14,5296,5310,0
2017-07-30 05:30:00,2017-07-30,05:30,14,5296,5310,0
2017-07-30 05:40:00,2017-07-30,05:40,13,5297,5310,0
2017-07-30 05:50:00,2017-07-30,05:50,18,5292,5310,0
2017-07-30 06:00:00,2017-07-30,06:00,18,5292,5310,0
2017-07-30 06:10:00,2017-07-30,06:10,20,5290,5310,0
2017-07-30 06:20:00,2017-07-30,06:20,23,5287,5310,0
2017-07-30 06:30:00,2017-07-30,06:30,33,5277,5310,0
2017-07-30 06:40:00,2017-07-30,06:40,29,5281,5310,0
2017-07-30 06:50:00,2017-07-30,06:50,34,5276,5310,0
2017-07-30 07:00:00,2017-07-30,07:00,27,5283,5310,0
2017-07-30 07:10:00,2017-07-30,07:10,33,5277,5310,0
2017-07-30 07:20:00,2017-07-30,07:20,41,5269,5310,0
2017-07-30 07:30:00,2017-07-30,07:30,61,5249,5310,0
2017-07-30 07:40:00,2017-07-30,07:40,62,5248,5310,0
2017-07-30 07:50:00,2017-07-30,07:50,66,5244,5310,0
2017-07-30 08:00:00,2017-07-30,08:00,67,5243,5310,0
2017-07-30 08:10:00,2017-07-30,08:10,83,5227,5310,0
2017-07-30 08:20:00,2017-07-30,08:20,98,5212,5310,0
2017-07-30 08:30:00,2017-07-30,08:30,94,5216,5310,0
2017-07-30 08:40:00,2017-07-30,08:40,72,5238,5310,0
2017-07-30 08:50:00,2017-07-30,08:50,104,5206,5310,0
2017-07-30 09:00:00,2017-07-30,09:00,118,5192,5310,0
2017-07-30 09:10:00,2017-07-30,09:10,130,5180,5310,0
2017-07-30 09:20:00,2017-07-30,09:20,168,5142,5310,0
2017-07-30 09:30:00,2017-07-30,09:30,214,5096,5310,0
2017-07-30 09:40:00,2017-07-30,09:40,266,5044,5310,0
2017-07-30 09:50:00,2017-07-30,09:50,255,5055,5310,0
2017-07-30 10:00:00,2017-07-30,10:00,282,5028,5310,0
2017-07-30 10:10:00,2017-07-30,10:10,270,5040,5310,0
2017-07-30 10:20:00,2017-07-30,10:20,315,4995,5310,0
2017-07-30 10:30:00,2017-07-30,10:30,328,4982,5310,0
2017-07-30 10:40:00,2017-07-30,10:40,365,4945,5310,0
2017-07-30 10:50:00,2017-07-30,10:50,350,4960,5310,0
2017-07-30 11:00:00,2017-07-30,11:00,401,4909,5310,0
2017-07-30 11:10:00,2017-07-30,11:10,428,4882,5310,0
2017-07-30 11:20:00,2017-07-30,11:20,462,4848,5310,0
2017-07-30 11:30:00,2017-07-30,11:30,457,4853,5310,0
2017-07-30 11:40:00,2017-07-30,11:40,515,4795,5310,0
2017-07-30 11:50:00,2017-07-30,11:50,497,4813,5310,0
2017-07-30 12:00:00,2017-07-30,12:00,482,4828,5310,0
2017-07-30 12:10:00,2017-07-30,12:10,527,4783,5310,0
2017-07-30 12:20:00,2017-07-30,12:20,572,4738,5310,0
2017-07-30 12:30:00,2017-07-30,12:30,587,4723,5310,0
2017-07-30 12:40:00,2017-07-30,12:40,620,4690,5310,0
2017-07-30 12:50:00,2017-07-30,12:50,614,4696,5310,0
2017-07-30 13:00:00,2017-07-30,13:00,645,4665,5310,0
2017-07-30 13:10:00,2017-07-30,13:10,639,4671,5310,0
2017-07-30 13:20:00,2017-07-30,13:20,634,4676,5310,0
2017-07-30 13:30:00,2017-07-30,13:30,656,4654,5310,0
2017-07-30 13:40:00,2017-07-30,13:40,630,4680,5310,0
2017-07-30 13:50:00,2017-07-30,13:50,661,4649,5310,0
2017-07-30 14:00:00,2017-07-30,14:00,666,4644,5310,0
2017-07-30 14:10:00,2017-07-30,14:10,688,4622,5310,0
2017-07-30 14:20:00,2017-07-30,14:20,712,4598,5310,0
2017-07-30 14:30:00,2017-07-30,14:30,738,4572,5310,0
2017-07-30 14:40:00,2017-07-30,14:40,750,4560,5310,0
2017-07-30 14:50:00,2017-07-30,14:50,711,4599,5310,0
2017-07-30 15:00:00,2017-07-30,15:00,692,4618,5310,0
2017-07-30 15:10:00,2017-07-30,15:10,663,4647,5310,0
2017-07-30 15:20:00,2017-07-30,15:20,645,4665,5310,0
2017-07-30 15:30:00,2017-07-30,15:30,654,4656,5310,0
2017-07-30 15:40:00,2017-07-30,15:40,638,4672,5310,0
2017-07-30 15:50:00,2017-07-30,15:50,672,4638,5310,0
2017-07-30 16:00:00,2017-07-30,16:00,665,4645,5310,0
2017-07-30 16:10:00,2017-07-30,16:10,663,4647,5310,0
2017-07-30 16:20:00,2017-07-30,16:20,631,4679,5310,0
2017-07-30 16:30:00,2017-07-30,16:30,634,4676,5310,0
2017-07-30 16:40:00,2017-07-30,16:40,638,4672,5310,0
2017-07-30 16:50:00,2017-07-30,16:50,633,4677,5310,0
2017-07-30 17:00:00,2017-07-30,17:00,613,4697,5310,0
2017-07-30 17:10:00,2017-07-30,17:10,603,4707,5310,0
2017-07-30 17:20:00,2017-07-30,17:20,600,4710,5310,0
2017-07-30 17:30:00,2017-07-30,17:30,577,4733,5310,0
2017-07-30 17:40:00,2017-07-30,17:40,558,4752,5310,0
2017-07-30 17:50:00,2017-07-30,17:50,498,4812,5310,0
2017-07-30 18:00:00,2017-07-30,18:00,526,4784,5310,0
2017-07-30 18:10:00,2017-07-30,18:10,521,4789,5310,0
2017-07-30 18:20:00,2017-07-30,18:20,476,4834,5310,0
2017-07-30 18:30:00,2017-07-30,18:30,500,4810,5310,0
2017-07-30 18:40:00,2017-07-30,18:40,446,4864,5310,0
2017-07-30 18:50:00,2017-07-30,18:50,449,4861,5310,0
2017-07-30 19:00:00,2017-07-30,19:00,426,4884,5310,0
2017-07-30 19:10:00,2017-07-30,19:10,453,4857,5310,0
2017-07-30 19:20:00,2017-07-30,19:20,441,4869,5310,0
2017-07-30 19:30:00,2017-07-30,19:30,402,4908,5310,0
2017-07-30 19:40:00,2017-07-30,19:40,378,4932,5310,0
2017-07-30 19:50:00,2017-07-30,19:50,419,4891,5310,0
2017-07-30 20:00:00,2017-07-30,20:00,406,4904,5310,0
2017-07-30 20:10:00,2017-07-30,20:10,361,4949,5310,0
2017-07-30 20:20:00,2017-07-30,20:20,357,4953,5310,0
2017-07-30 20:30:00,2017-07-30,20:30,305,5005,5310,0
2017-07-30 20:40:00,2017-07-30,20:40,255,5055,5310,0
2017-07-30 20:50:00,2017-07-30,20:50,217,5093,5310,0
2017-07-30 21:00:00,2017-07-30,21:00,205,5105,5310,0
2017-07-30 21:10:00,2017-07-30,21:10,190,5120,5310,0
2017-07-30 21:20:00,2017-07-30,21:20,180,5130,5310,0
2017-07-30 21:30:00,2017-07-30,21:30,168,5142,5310,0
2017-07-30 21:40:00,2017-07-30,21:40,146,5164,5310,0
2017-07-30 21:50:00,2017-07-30,21:50,143,5167,5310,0
2017-07-30 22:00:00,2017-07-30,22:00,135,5175,5310,0
2017-07-30 22:10:00,2017-07-30,22:10,116,5194,5310,0
2017-07-30 22:20:00,2017-07-30,22:20,125,5185,5310,0
2017-07-30 22:30:00,2017-07-30,22:30,109,5201,5310,0
2017-07-30 22:40:00,2017-07-30,22:40,90,5220,5310,0
2017-07-30 22:50:00,2017-07-30,22:50,88,5222,5310,0
2017-07-30 23:00:00,2017-07-30,23:00,103,5207,5310,0
2017-07-30 23:10:00,2017-07-30,23:10,77,5233,5310,0
2017-07-30 23:20:00,2017-07-30,23:20,75,5235,5310,0
2017-07-30 23:30:00,2017-07-30,23:30,63,5247,5310,0
2017-07-30 23:40:00,2017-07-30,23:40,52,5258,5310,0
2017-07-30 23:50:00,2017-07-30,23:50,43,5267,5310,0
2017-07-31 00:00:00,2017-07-31,00:00,53,5257,5310,0
2017-07-31 00:10:00,2017-07-31,00:10,45,5265,5310,0
2017-07-31 00:20:00,2017-07-31,00:20,50,5260,5310,0
2017-07-31 00:30:00,2017-07-31,00:30,34,5276,5310,0
2017-07-31 00:40:00,2017-07-31,00:40,28,5282,5310,0
2017-07-31 00:50:00,2017-07-31,00:50,30,5280,5310,0
2017-07-31 01:00:00,2017-07-31,01:00,27,5283,5310,0
2017-07-31 01:10:00,2017-07-31,01:10,19,5291,5310,0
2017-07-31 01:20:00,2017-07-31,01:20,17,5293,5310,0
2017-07-31 01:30:00,2017-07-31,01:30,16,5294,5310,0
2017-07-31 01:40:00,2017-07-31,01:40,15,5295,5310,0
2017-07-31 01:50:00,2017-07-31,01:50,15,5295,5310,0
2017-07-31 02:00:00,2017-07-31,02:00,16,5294,5310,0
2017-07-31 02:10:00,2017-07-31,02:10,15,5295,5310,0
2017-07-31 02:20:00,2017-07-31,02:20,16,5294,5310,0
2017-07-31 02:30:00,2017-07-31,02:30,14,5296,5310,0
2017-07-31 02:40:00,2017-07-31,02:40,20,5290,5310,0
2017-07-31 02:50:00,2017-07-31,02:50,21,5289,5310,0
2017-07-31 03:00:00,2017-07-31,03:00,20,5290,5310,0
2017-07-31 03:10:00,2017-07-31,03:10,14,5296,5310,0
2017-07-31 03:20:00,2017-07-31,03:20,20,5290,5310,0
2017-07-31 03:30:00,2017-07-31,03:30,20,5290,5310,0
2017-07-31 03:40:00,2017-07-31,03:40,18,5292,5310,0
2017-07-31 03:50:00,2017-07-31,03:50,17,5293,5310,0
2017-07-31 04:00:00,2017-07-31,04:00,16,5294,5310,0
2017-07-31 04:10:00,2017-07-31,04:10,15,5295,5310,0
2017-07-31 04:20:00,2017-07-31,04:20,16,5294,5310,0
2017-07-31 04:30:00,2017-07-31,04:30,12,5298,5310,0
2017-07-31 04:40:00,2017-07-31,04:40,14,5296,5310,0
2017-07-31 04:50:00,2017-07-31,04:50,14,5296,5310,0
2017-07-31 05:00:00,2017-07-31,05:00,17,5293,5310,0
2017-07-31 05:10:00,2017-07-31,05:10,24,5286,5310,0
2017-07-31 05:20:00,2017-07-31,05:20,27,5283,5310,0
2017-07-31 05:30:00,2017-07-31,05:30,33,5277,5310,0
2017-07-31 05:40:00,2017-07-31,05:40,52,5258,5310,0
2017-07-31 05:50:00,2017-07-31,05:50,45,5265,5310,0
2017-07-31 06:00:00,2017-07-31,06:00,36,5274,5310,0
2017-07-31 06:10:00,2017-07-31,06:10,61,5249,5310,0
2017-07-31 06:20:00,2017-07-31,06:20,69,5241,5310,0
2017-07-31 06:30:00,2017-07-31,06:30,87,5223,5310,0
2017-07-31 06:40:00,2017-07-31,06:40,120,5190,5310,0
2017-07-31 06:50:00,2017-07-31,06:50,139,5171,5310,0
2017-07-31 07:00:00,2017-07-31,07:00,133,5177,5310,0
2017-07-31 07:10:00,2017-07-31,07:10,163,5147,5310,0
2017-07-31 07:20:00,2017-07-31,07:20,175,5135,5310,0
2017-07-31 07:30:00,2017-07-31,07:30,214,5096,5310,0
2017-07-31 07:40:00,2017-07-31,07:40,251,5059,5310,0
2017-07-31 07:50:00,2017-07-31,07:50,319,4991,5310,0
2017-07-31 08:00:00,2017-07-31,08:00,316,4994,5310,0
2017-07-31 08:10:00,2017-07-31,08:10,301,5009,5310,0
2017-07-31 08:20:00,2017-07-31,08:20,325,4985,5310,0
2017-07-31 08:30:00,2017-07-31,08:30,343,4967,5310,0
2017-07-31 08:40:00,2017-07-31,08:40,311,4999,5310,0
2017-07-31 08:50:00,2017-07-31,08:50,300,5010,5310,0
2017-07-31 09:00:00,2017-07-31,09:00,243,5067,5310,0
2017-07-31 09:10:00,2017-07-31,09:10,226,5084,5310,0
2017-07-31 09:20:00,2017-07-31,09:20,201,5109,5310,0
2017-07-31 09:30:00,2017-07-31,09:30,191,5119,5310,0
2017-07-31 09:40:00,2017-07-31,09:40,192,5118,5310,0
2017-07-31 09:50:00,2017-07-31,09:50,191,5119,5310,0
2017-07-31 10:00:00,2017-07-31,10:00,216,5094,5310,0
2017-07-31 10:10:00,2017-07-31,10:10,222,5088,5310,0
2017-07-31 10:20:00,2017-07-31,10:20,202,5108,5310,0
2017-07-31 10:30:00,2017-07-31,10:30,234,5076,5310,0
2017-07-31 10:40:00,2017-07-31,10:40,224,5086,5310,0
2017-07-31 10:50:00,2017-07-31,10:50,220,5090,5310,0
2017-07-31 11:00:00,2017-07-31,11:00,223,5087,5310,0
2017-07-31 11:10:00,2017-07-31,11:10,251,5059,5310,0
2017-07-31 11:20:00,2017-07-31,11:20,248,5062,5310,0
2017-07-31 11:30:00,2017-07-31,11:30,250,5060,5310,0
2017-07-31 11:40:00,2017-07-31,11:40,287,5023,5310,0
2017-07-31 11:50:00,2017-07-31,11:50,281,5029,5310,0
2017-07-31 12:00:00,2017-07-31,12:00,291,5019,5310,0
2017-07-31 12:10:00,2017-07-31,12:10,300,5010,5310,0
2017-07-31 12:20:00,2017-07-31,12:20,291,5019,5310,0
2017-07-31 12:30:00,2017-07-31,12:30,293,5017,5310,0
2017-07-31 12:40:00,2017-07-31,12:40,310,5000,5310,0
2017-07-31 12:50:00,2017-07-31,12:50,280,5030,5310,0
2017-07-31 13:00:00,2017-07-31,13:00,261,5049,5310,0
2017-07-31 13:10:00,2017-07-31,13:10,268,5042,5310,0
2017-07-31 13:20:00,2017-07-31,13:20,277,5033,5310,0
2017-07-31 13:30:00,2017-07-31,13:30,276,5034,5310,0
2017-07-31 13:40:00,2017-07-31,13:40,242,5068,5310,0
2017-07-31 13:50:00,2017-07-31,13:50,290,5020,5310,0
2017-07-31 14:00:00,2017-07-31,14:00,295,5015,5310,0
2017-07-31 14:10:00,2017-07-31,14:10,300,5010,5310,0
2017-07-31 14:20:00,2017-07-31,14:20,303,5007,5310,0
2017-07-31 14:30:00,2017-07-31,14:30,310,5000,5310,0
2017-07-31 14:40:00,2017-07-31,14:40,294,5016,5310,0
2017-07-31 14:50:00,2017-07-31,14:50,320,4990,5310,0
2017-07-31 15:00:00,2017-07-31,15:00,338,4972,5310,0
2017-07-31 15:10:00,2017-07-31,15:10,330,4980,5310,0
2017-07-31 15:20:00,2017-07-31,15:20,333,4977,5310,0
2017-07-31 15:30:00,2017-07-31,15:30,324,4986,5310,0
2017-07-31 15:40:00,2017-07-31,15:40,337,4973,5310,0
2017-07-31 15:50:00,2017-07-31,15:50,349,4961,5310,0
2017-07-31 16:00:00,2017-07-31,16:00,363,4947,5310,0
2017-07-31 16:10:00,2017-07-31,16:10,383,4927,5310,0
2017-07-31 16:20:00,2017-07-31,16:20,418,4892,5310,0
2017-07-31 16:30:00,2017-07-31,16:30,407,4903,5310,0
2017-07-31 16:40:00,2017-07-31,16:40,505,4805,5310,0
2017-07-31 16:50:00,2017-07-31,16:50,491,4819,5310,0
2017-07-31 17:00:00,2017-07-31,17:00,537,4773,5310,0
2017-07-31 17:10:00,2017-07-31,17:10,674,4636,5310,0
2017-07-31 17:20:00,2017-07-31,17:20,732,4578,5310,0
2017-07-31 17:30:00,2017-07-31,17:30,706,4604,5310,0
2017-07-31 17:40:00,2017-07-31,17:40,703,4607,5310,0
2017-07-31 17:50:00,2017-07-31,17:50,674,4636,5310,0
2017-07-31 18:00:00,2017-07-31,18:00,650,4660,5310,0
2017-07-31 18:10:00,2017-07-31,18:10,616,4694,5310,0
2017-07-31 18:20:00,2017-07-31,18:20,575,4735,5310,0
2017-07-31 18:30:00,2017-07-31,18:30,530,4780,5310,0
2017-07-31 18:40:00,2017-07-31,18:40,489,4821,5310,0
2017-07-31 18:50:00,2017-07-31,18:50,452,4858,5310,0
2017-07-31 19:00:00,2017-07-31,19:00,422,4888,5310,0
2017-07-31 19:10:00,2017-07-31,19:10,452,4858,5310,0
2017-07-31 19:20:00,2017-07-31,19:20,397,4913,5310,0
2017-07-31 19:30:00,2017-07-31,19:30,372,4938,5310,0
2017-07-31 19:40:00,2017-07-31,19:40,352,4958,5310,0
2017-07-31 19:50:00,2017-07-31,19:50,335,4975,5310,0
2017-07-31 20:00:00,2017-07-31,20:00,312,4998,5310,0
2017-07-31 20:10:00,2017-07-31,20:10,311,4999,5310,0
2017-07-31 20:20:00,2017-07-31,20:20,266,5044,5310,0
2017-07-31 20:30:00,2017-07-31,20:30,253,5057,5310,0
2017-07-31 20:40:00,2017-07-31,20:40,235,5075,5310,0
2017-07-31 20:50:00,2017-07-31,20:50,203,5107,5310,0
2017-07-31 21:00:00,2017-07-31,21:00,192,5118,5310,0
2017-07-31 21:10:00,2017-07-31,21:10,200,5110,5310,0
2017-07-31 21:20:00,2017-07-31,21:20,166,5144,5310,0
2017-07-31 21:30:00,2017-07-31,21:30,143,5167,5310,0
2017-07-31 21:40:00,2017-07-31,21:40,133,5177,5310,0
2017-07-31 21:50:00,2017-07-31,21:50,127,5183,5310,0
2017-07-31 22:00:00,2017-07-31,22:00,128,5182,5310,0
2017-07-31 22:10:00,2017-07-31,22:10,128,5182,5310,0
2017-07-31 22:20:00,2017-07-31,22:20,113,5197,5310,0
2017-07-31 22:30:00,2017-07-31,22:30,106,5204,5310,0
2017-07-31 22:40:00,2017-07-31,22:40,91,5219,5310,0
2017-07-31 22:50:00,2017-07-31,22:50,71,5239,5310,0
2017-07-31 23:00:00,2017-07-31,23:00,66,5244,5310,0
2017-07-31 23:10:00,2017-07-31,23:10,76,5234,5310,0
2017-07-31 23:20:00,2017-07-31,23:20,70,5240,5310,0
2017-07-31 23:30:00,2017-07-31,23:30,57,5253,5310,0
2017-07-31 23:40:00,2017-07-31,23:40,47,5263,5310,0
2017-07-31 23:50:00,2017-07-31,23:50,48,5262,5310,0
2017-08-01 00:00:00,2017-08-01,00:00,42,5268,5310,0
